tweet_id,author,author_followers,created_utc,minutes_since_post,views,replies,likes
2103512254037864815,icreatelife,118984,1790351377,3.1,298,0,3
2103512254037864815,icreatelife,118984,1790351377,33.6,810,3,10
2103512254037864815,icreatelife,118984,1790351377,64.2,1111,3,17
2103512254037864815,icreatelife,118984,1790351377,94.6,1342,4,21
2103512254037864815,icreatelife,118984,1790351377,125.2,1517,4,24
2103512254037864815,icreatelife,118984,1790351377,155.7,1691,4,32
2103512254037864815,icreatelife,118984,1790351377,187.1,1948,4,43
2103512254037864815,icreatelife,118984,1790351377,217.5,2192,4,49
2103512254037864815,icreatelife,118984,1790351377,248.1,2404,5,53
2103512254037864815,icreatelife,118984,1790351377,278.5,2607,5,55
2103512254037864815,icreatelife,118984,1790351377,308.9,2737,5,59
2103512254037864815,icreatelife,118984,1790351377,339.3,2970,5,66
2103512254037864815,icreatelife,118984,1790351377,369.8,3149,7,76
2103512254037864815,icreatelife,118984,1790351377,400.3,3299,7,87
2103512254037864815,icreatelife,118984,1790351377,430.8,3401,7,89
2103512254037864815,icreatelife,118984,1790351377,461.2,3474,7,90
2103512254037864815,icreatelife,118984,1790351377,491.8,3552,7,94
2103511783000453229,vikktorrrre,9408,1790351265,5.0,277,5,9
2103511783000453229,vikktorrrre,9408,1790351265,35.5,1930,11,26
2103511783000453229,vikktorrrre,9408,1790351265,66.0,3649,14,33
2103511783000453229,vikktorrrre,9408,1790351265,96.5,5111,14,35
2103511783000453229,vikktorrrre,9408,1790351265,127.0,5351,15,37
2103511783000453229,vikktorrrre,9408,1790351265,157.6,5401,15,37
2103511783000453229,vikktorrrre,9408,1790351265,189.0,5441,16,38
2103511783000453229,vikktorrrre,9408,1790351265,219.4,5473,16,40
2103511783000453229,vikktorrrre,9408,1790351265,250.0,5486,16,40
2103511783000453229,vikktorrrre,9408,1790351265,280.4,5508,17,41
2103511783000453229,vikktorrrre,9408,1790351265,310.8,5534,17,41
2103511783000453229,vikktorrrre,9408,1790351265,341.2,5552,18,42
2103511783000453229,vikktorrrre,9408,1790351265,371.7,5579,18,43
2103511783000453229,vikktorrrre,9408,1790351265,402.2,5596,18,45
2103511783000453229,vikktorrrre,9408,1790351265,432.7,5612,18,45
2103511783000453229,vikktorrrre,9408,1790351265,463.1,5626,18,46
2103511783000453229,vikktorrrre,9408,1790351265,493.7,5630,18,46
2103510971046096906,DrClownPhD,353577,1790351071,8.2,944,2,23
2103510971046096906,DrClownPhD,353577,1790351071,38.7,2671,9,81
2103510971046096906,DrClownPhD,353577,1790351071,69.3,4117,11,137
2103510971046096906,DrClownPhD,353577,1790351071,99.7,5457,11,180
2103510971046096906,DrClownPhD,353577,1790351071,130.3,6436,13,208
2103510971046096906,DrClownPhD,353577,1790351071,160.8,7081,16,231
2103510971046096906,DrClownPhD,353577,1790351071,192.2,7624,18,241
2103510971046096906,DrClownPhD,353577,1790351071,222.6,8197,19,259
2103510971046096906,DrClownPhD,353577,1790351071,253.2,8802,19,274
2103510971046096906,DrClownPhD,353577,1790351071,283.6,9817,20,299
2103510971046096906,DrClownPhD,353577,1790351071,314.0,10834,22,319
2103510971046096906,DrClownPhD,353577,1790351071,344.4,11477,23,338
2103510971046096906,DrClownPhD,353577,1790351071,374.9,11959,23,349
2103510971046096906,DrClownPhD,353577,1790351071,405.4,12297,23,358
2103510971046096906,DrClownPhD,353577,1790351071,435.9,12825,23,366
2103510971046096906,DrClownPhD,353577,1790351071,466.3,13154,23,376
2103510971046096906,DrClownPhD,353577,1790351071,496.9,13482,23,387
2103510888162492821,ZypherHQ,54326,1790351051,8.5,211,5,24
2103510888162492821,ZypherHQ,54326,1790351051,39.0,1729,8,54
2103510888162492821,ZypherHQ,54326,1790351051,69.6,4285,12,90
2103510888162492821,ZypherHQ,54326,1790351051,100.1,6643,12,104
2103510888162492821,ZypherHQ,54326,1790351051,130.6,8995,12,130
2103510888162492821,ZypherHQ,54326,1790351051,161.2,10890,15,147
2103510888162492821,ZypherHQ,54326,1790351051,192.6,10899,15,150
2103510888162492821,ZypherHQ,54326,1790351051,223.0,10915,20,152
2103510888162492821,ZypherHQ,54326,1790351051,253.5,11233,20,152
2103510888162492821,ZypherHQ,54326,1790351051,283.9,11242,20,153
2103510888162492821,ZypherHQ,54326,1790351051,314.3,11251,21,153
2103510888162492821,ZypherHQ,54326,1790351051,344.8,11257,21,154
2103510888162492821,ZypherHQ,54326,1790351051,375.3,11271,22,156
2103510888162492821,ZypherHQ,54326,1790351051,405.8,11285,22,156
2103510888162492821,ZypherHQ,54326,1790351051,436.2,11291,22,157
2103510888162492821,ZypherHQ,54326,1790351051,466.7,11295,22,157
2103510888162492821,ZypherHQ,54326,1790351051,497.3,11300,22,158
2103510772395745601,RitOnchain,4574,1790351024,9.0,115,1,5
2103510772395745601,RitOnchain,4574,1790351024,39.5,436,3,10
2103510772395745601,RitOnchain,4574,1790351024,70.0,704,3,12
2103510772395745601,RitOnchain,4574,1790351024,100.5,1027,3,16
2103510772395745601,RitOnchain,4574,1790351024,131.1,1548,3,21
2103510772395745601,RitOnchain,4574,1790351024,161.6,1870,4,23
2103510772395745601,RitOnchain,4574,1790351024,193.0,2159,4,24
2103510772395745601,RitOnchain,4574,1790351024,223.4,2399,4,29
2103510772395745601,RitOnchain,4574,1790351024,254.0,2723,4,32
2103510772395745601,RitOnchain,4574,1790351024,284.4,3014,4,33
2103510772395745601,RitOnchain,4574,1790351024,314.8,3499,4,36
2103510772395745601,RitOnchain,4574,1790351024,345.2,3756,4,38
2103510772395745601,RitOnchain,4574,1790351024,375.7,4053,4,39
2103510772395745601,RitOnchain,4574,1790351024,406.2,4295,4,41
2103510772395745601,RitOnchain,4574,1790351024,436.7,4544,4,43
2103510772395745601,RitOnchain,4574,1790351024,467.1,4840,4,49
2103510772395745601,RitOnchain,4574,1790351024,497.7,5259,4,51
2103510734693171578,socialwithaayan,69357,1790351015,9.1,569,5,13
2103510734693171578,socialwithaayan,69357,1790351015,39.6,1145,9,18
2103510734693171578,socialwithaayan,69357,1790351015,70.2,1581,10,18
2103510734693171578,socialwithaayan,69357,1790351015,100.7,3733,10,18
2103510734693171578,socialwithaayan,69357,1790351015,131.2,5958,10,19
2103510734693171578,socialwithaayan,69357,1790351015,161.8,7802,10,19
2103510734693171578,socialwithaayan,69357,1790351015,193.2,10059,10,19
2103510734693171578,socialwithaayan,69357,1790351015,223.6,11504,10,19
2103510734693171578,socialwithaayan,69357,1790351015,254.1,12661,10,19
2103510734693171578,socialwithaayan,69357,1790351015,284.5,14083,10,19
2103510734693171578,socialwithaayan,69357,1790351015,314.9,15385,11,21
2103510734693171578,socialwithaayan,69357,1790351015,345.4,16363,11,23
2103510734693171578,socialwithaayan,69357,1790351015,375.9,16975,11,23
2103510734693171578,socialwithaayan,69357,1790351015,406.4,17393,11,23
2103510734693171578,socialwithaayan,69357,1790351015,436.8,17742,11,23
2103510734693171578,socialwithaayan,69357,1790351015,467.3,18024,11,23
2103510734693171578,socialwithaayan,69357,1790351015,497.9,18295,11,23
2103510601993773385,davidmarcus,196918,1790350983,9.7,904,2,3
2103510601993773385,davidmarcus,196918,1790350983,40.2,2092,3,18
2103510601993773385,davidmarcus,196918,1790350983,70.7,2736,5,23
2103510601993773385,davidmarcus,196918,1790350983,101.2,3325,6,26
2103510601993773385,davidmarcus,196918,1790350983,131.7,3717,7,32
2103510601993773385,davidmarcus,196918,1790350983,162.3,3985,7,34
2103510601993773385,davidmarcus,196918,1790350983,193.7,4171,7,34
2103510601993773385,davidmarcus,196918,1790350983,224.1,4326,7,35
2103510601993773385,davidmarcus,196918,1790350983,254.7,4472,8,36
2103510601993773385,davidmarcus,196918,1790350983,285.1,4617,8,38
2103510601993773385,davidmarcus,196918,1790350983,315.5,4760,8,39
2103510601993773385,davidmarcus,196918,1790350983,345.9,4923,8,42
2103510601993773385,davidmarcus,196918,1790350983,376.4,5114,8,45
2103510601993773385,davidmarcus,196918,1790350983,406.9,5481,8,47
2103510601993773385,davidmarcus,196918,1790350983,437.4,5809,8,49
2103510601993773385,davidmarcus,196918,1790350983,467.8,6151,8,53
2103510601993773385,davidmarcus,196918,1790350983,498.4,6370,8,57
2103510479499153748,ai_for_success,81624,1790350954,10.1,825,1,5
2103510479499153748,ai_for_success,81624,1790350954,40.7,2387,4,32
2103510479499153748,ai_for_success,81624,1790350954,71.2,6154,6,65
2103510479499153748,ai_for_success,81624,1790350954,101.7,14865,9,132
2103510479499153748,ai_for_success,81624,1790350954,132.2,24150,13,199
2103510479499153748,ai_for_success,81624,1790350954,162.8,32793,17,234
2103510479499153748,ai_for_success,81624,1790350954,194.2,42733,20,289
2103510479499153748,ai_for_success,81624,1790350954,224.6,49926,24,318
2103510479499153748,ai_for_success,81624,1790350954,255.1,55322,25,342
2103510479499153748,ai_for_success,81624,1790350954,285.6,61572,26,377
2103510479499153748,ai_for_success,81624,1790350954,316.0,67087,28,419
2103510479499153748,ai_for_success,81624,1790350954,346.4,72179,28,445
2103510479499153748,ai_for_success,81624,1790350954,376.9,77611,29,469
2103510479499153748,ai_for_success,81624,1790350954,407.4,82184,29,499
2103510479499153748,ai_for_success,81624,1790350954,437.9,86509,31,531
2103510479499153748,ai_for_success,81624,1790350954,468.3,90168,31,556
2103510479499153748,ai_for_success,81624,1790350954,498.9,93515,32,571
2103510447538479527,SahilPanhotra,2656,1790350946,10.3,141,3,6
2103510447538479527,SahilPanhotra,2656,1790350946,40.8,1036,11,27
2103510447538479527,SahilPanhotra,2656,1790350946,71.3,2026,16,35
2103510447538479527,SahilPanhotra,2656,1790350946,101.8,3156,17,42
2103510447538479527,SahilPanhotra,2656,1790350946,132.4,3878,18,44
2103510447538479527,SahilPanhotra,2656,1790350946,162.9,4248,18,45
2103510447538479527,SahilPanhotra,2656,1790350946,194.3,4538,18,46
2103510447538479527,SahilPanhotra,2656,1790350946,224.7,4859,18,46
2103510447538479527,SahilPanhotra,2656,1790350946,255.3,5260,18,46
2103510447538479527,SahilPanhotra,2656,1790350946,285.7,5746,18,47
2103510447538479527,SahilPanhotra,2656,1790350946,316.1,6011,19,47
2103510447538479527,SahilPanhotra,2656,1790350946,346.5,6316,19,47
2103510447538479527,SahilPanhotra,2656,1790350946,377.0,6662,19,47
2103510447538479527,SahilPanhotra,2656,1790350946,407.5,6966,19,47
2103510447538479527,SahilPanhotra,2656,1790350946,438.0,7382,19,48
2103510447538479527,SahilPanhotra,2656,1790350946,468.4,7775,19,49
2103510447538479527,SahilPanhotra,2656,1790350946,499.0,8086,19,50
2103510116788232454,vgangstudio,11,1790350867,11.6,17,0,2
2103510116788232454,vgangstudio,11,1790350867,42.1,31,1,3
2103510116788232454,vgangstudio,11,1790350867,72.7,67,2,4
2103510116788232454,vgangstudio,11,1790350867,103.1,79,2,4
2103510116788232454,vgangstudio,11,1790350867,133.7,95,2,4
2103510116788232454,vgangstudio,11,1790350867,164.2,101,2,4
2103510116788232454,vgangstudio,11,1790350867,195.6,105,2,4
2103510116788232454,vgangstudio,11,1790350867,226.0,109,2,4
2103510116788232454,vgangstudio,11,1790350867,256.6,109,2,4
2103510116788232454,vgangstudio,11,1790350867,287.0,114,2,4
2103510116788232454,vgangstudio,11,1790350867,317.4,114,2,4
2103510116788232454,vgangstudio,11,1790350867,347.8,114,2,4
2103510116788232454,vgangstudio,11,1790350867,378.3,116,2,4
2103510116788232454,vgangstudio,11,1790350867,408.8,117,2,4
2103510116788232454,vgangstudio,11,1790350867,439.3,117,2,4
2103510116788232454,vgangstudio,11,1790350867,469.7,119,2,4
2103510116788232454,vgangstudio,11,1790350867,500.3,121,2,4
2103510097330626980,Miguel07Code,3368,1790350863,11.7,47,0,3
2103510097330626980,Miguel07Code,3368,1790350863,42.2,206,0,7
2103510097330626980,Miguel07Code,3368,1790350863,72.7,312,1,10
2103510097330626980,Miguel07Code,3368,1790350863,103.2,401,1,12
2103510097330626980,Miguel07Code,3368,1790350863,133.7,483,2,14
2103510097330626980,Miguel07Code,3368,1790350863,164.3,610,2,16
2103510097330626980,Miguel07Code,3368,1790350863,195.7,662,2,17
2103510097330626980,Miguel07Code,3368,1790350863,226.1,702,2,17
2103510097330626980,Miguel07Code,3368,1790350863,256.7,738,2,17
2103510097330626980,Miguel07Code,3368,1790350863,287.1,760,2,17
2103510097330626980,Miguel07Code,3368,1790350863,317.5,796,2,17
2103510097330626980,Miguel07Code,3368,1790350863,347.9,836,2,17
2103510097330626980,Miguel07Code,3368,1790350863,378.4,925,2,19
2103510097330626980,Miguel07Code,3368,1790350863,408.9,1025,2,20
2103510097330626980,Miguel07Code,3368,1790350863,439.4,1164,2,20
2103510097330626980,Miguel07Code,3368,1790350863,469.8,1234,2,20
2103510097330626980,Miguel07Code,3368,1790350863,500.4,1271,2,20
2103509995983904921,original_ngv,7110,1790350839,12.1,125,3,9
2103509995983904921,original_ngv,7110,1790350839,42.6,597,3,23
2103509995983904921,original_ngv,7110,1790350839,73.1,892,5,27
2103509995983904921,original_ngv,7110,1790350839,103.6,1120,6,31
2103509995983904921,original_ngv,7110,1790350839,134.1,1243,6,32
2103509995983904921,original_ngv,7110,1790350839,164.7,1315,6,33
2103509995983904921,original_ngv,7110,1790350839,196.1,1365,7,34
2103509995983904921,original_ngv,7110,1790350839,226.5,1392,7,35
2103509995983904921,original_ngv,7110,1790350839,257.1,1416,7,35
2103509995983904921,original_ngv,7110,1790350839,287.5,1436,7,35
2103509995983904921,original_ngv,7110,1790350839,317.9,1458,7,35
2103509995983904921,original_ngv,7110,1790350839,348.3,1472,7,36
2103509995983904921,original_ngv,7110,1790350839,378.8,1485,7,36
2103509995983904921,original_ngv,7110,1790350839,409.3,1495,7,36
2103509995983904921,original_ngv,7110,1790350839,439.8,1505,7,36
2103509995983904921,original_ngv,7110,1790350839,470.2,1512,7,36
2103509995983904921,original_ngv,7110,1790350839,500.8,1516,7,36
2103509941722243189,_Stocko_,10156,1790350826,12.3,196,2,11
2103509941722243189,_Stocko_,10156,1790350826,42.8,533,4,24
2103509941722243189,_Stocko_,10156,1790350826,73.3,1018,11,51
2103509941722243189,_Stocko_,10156,1790350826,103.8,1474,13,61
2103509941722243189,_Stocko_,10156,1790350826,134.4,1781,13,64
2103509941722243189,_Stocko_,10156,1790350826,164.9,1916,13,67
2103509941722243189,_Stocko_,10156,1790350826,196.3,2006,13,70
2103509941722243189,_Stocko_,10156,1790350826,226.7,2104,13,74
2103509941722243189,_Stocko_,10156,1790350826,257.3,2182,13,77
2103509941722243189,_Stocko_,10156,1790350826,287.7,2256,14,79
2103509941722243189,_Stocko_,10156,1790350826,318.1,2341,14,82
2103509941722243189,_Stocko_,10156,1790350826,348.5,2401,15,84
2103509941722243189,_Stocko_,10156,1790350826,379.0,2473,15,85
2103509941722243189,_Stocko_,10156,1790350826,409.5,2516,15,86
2103509941722243189,_Stocko_,10156,1790350826,440.0,2574,15,88
2103509941722243189,_Stocko_,10156,1790350826,470.4,2706,16,88
2103509941722243189,_Stocko_,10156,1790350826,501.0,2893,18,93
2103509775593963870,trent_vanepps,32000,1790350786,12.9,403,9,19
2103509775593963870,trent_vanepps,32000,1790350786,43.5,764,11,28
2103509775593963870,trent_vanepps,32000,1790350786,74.0,973,11,33
2103509775593963870,trent_vanepps,32000,1790350786,104.5,1161,12,41
2103509775593963870,trent_vanepps,32000,1790350786,135.0,1290,14,48
2103509775593963870,trent_vanepps,32000,1790350786,165.6,1447,15,50
2103509775593963870,trent_vanepps,32000,1790350786,197.0,1600,15,53
2103509775593963870,trent_vanepps,32000,1790350786,227.4,2019,15,53
2103509775593963870,trent_vanepps,32000,1790350786,257.9,2196,15,54
2103509775593963870,trent_vanepps,32000,1790350786,288.4,2348,15,56
2103509775593963870,trent_vanepps,32000,1790350786,318.8,2471,15,57
2103509775593963870,trent_vanepps,32000,1790350786,349.2,2568,15,60
2103509775593963870,trent_vanepps,32000,1790350786,379.7,2636,15,60
2103509775593963870,trent_vanepps,32000,1790350786,410.2,2679,15,64
2103509775593963870,trent_vanepps,32000,1790350786,440.7,2739,15,65
2103509775593963870,trent_vanepps,32000,1790350786,471.1,2843,16,69
2103509775593963870,trent_vanepps,32000,1790350786,501.7,2934,16,69
2103509520404095444,VadimStrizheus,39154,1790350725,14.0,443,2,11
2103509520404095444,VadimStrizheus,39154,1790350725,44.5,1199,4,31
2103509520404095444,VadimStrizheus,39154,1790350725,75.0,1907,8,45
2103509520404095444,VadimStrizheus,39154,1790350725,105.5,2663,11,70
2103509520404095444,VadimStrizheus,39154,1790350725,136.0,4261,16,120
2103509520404095444,VadimStrizheus,39154,1790350725,166.6,6086,25,179
2103509520404095444,VadimStrizheus,39154,1790350725,198.0,8035,30,229
2103509520404095444,VadimStrizheus,39154,1790350725,228.4,9511,34,272
2103509520404095444,VadimStrizheus,39154,1790350725,259.0,11171,35,306
2103509520404095444,VadimStrizheus,39154,1790350725,289.4,12724,38,333
2103509520404095444,VadimStrizheus,39154,1790350725,319.8,14115,43,366
2103509520404095444,VadimStrizheus,39154,1790350725,350.2,15427,47,390
2103509520404095444,VadimStrizheus,39154,1790350725,380.7,16969,50,413
2103509520404095444,VadimStrizheus,39154,1790350725,411.2,17996,51,427
2103509520404095444,VadimStrizheus,39154,1790350725,441.7,18969,52,439
2103509520404095444,VadimStrizheus,39154,1790350725,472.1,20042,54,451
2103509520404095444,VadimStrizheus,39154,1790350725,502.7,21094,56,468
2103508943041700300,Vasu_Devs,1426,1790350587,16.3,19,1,2
2103508943041700300,Vasu_Devs,1426,1790350587,46.8,39,1,2
2103508943041700300,Vasu_Devs,1426,1790350587,77.3,50,1,3
2103508943041700300,Vasu_Devs,1426,1790350587,107.8,55,1,3
2103508943041700300,Vasu_Devs,1426,1790350587,138.3,63,1,3
2103508943041700300,Vasu_Devs,1426,1790350587,168.9,69,1,3
2103508943041700300,Vasu_Devs,1426,1790350587,200.3,71,1,3
2103508943041700300,Vasu_Devs,1426,1790350587,230.7,73,1,3
2103508943041700300,Vasu_Devs,1426,1790350587,261.3,75,1,3
2103508943041700300,Vasu_Devs,1426,1790350587,291.7,80,1,3
2103508943041700300,Vasu_Devs,1426,1790350587,322.1,84,1,3
2103508943041700300,Vasu_Devs,1426,1790350587,352.5,95,1,3
2103508943041700300,Vasu_Devs,1426,1790350587,383.0,96,1,3
2103508943041700300,Vasu_Devs,1426,1790350587,413.5,98,1,3
2103508943041700300,Vasu_Devs,1426,1790350587,444.0,100,1,3
2103508943041700300,Vasu_Devs,1426,1790350587,474.4,104,1,3
2103508943041700300,Vasu_Devs,1426,1790350587,505.0,106,1,3
2103508787701170570,RafaRuizdeLira,3283,1790350550,16.9,105,0,3
2103508787701170570,RafaRuizdeLira,3283,1790350550,47.4,436,0,6
2103508787701170570,RafaRuizdeLira,3283,1790350550,77.9,598,1,7
2103508787701170570,RafaRuizdeLira,3283,1790350550,108.4,697,1,9
2103508787701170570,RafaRuizdeLira,3283,1790350550,139.0,829,1,10
2103508787701170570,RafaRuizdeLira,3283,1790350550,169.5,952,4,11
2103508787701170570,RafaRuizdeLira,3283,1790350550,200.9,1094,4,12
2103508787701170570,RafaRuizdeLira,3283,1790350550,231.3,1129,4,12
2103508787701170570,RafaRuizdeLira,3283,1790350550,261.9,1176,4,12
2103508787701170570,RafaRuizdeLira,3283,1790350550,292.3,1199,4,12
2103508787701170570,RafaRuizdeLira,3283,1790350550,322.7,1262,4,15
2103508787701170570,RafaRuizdeLira,3283,1790350550,353.1,1324,4,17
2103508787701170570,RafaRuizdeLira,3283,1790350550,383.6,1375,4,18
2103508787701170570,RafaRuizdeLira,3283,1790350550,414.1,1414,4,18
2103508787701170570,RafaRuizdeLira,3283,1790350550,444.6,1439,4,18
2103508787701170570,RafaRuizdeLira,3283,1790350550,475.0,1463,4,18
2103508787701170570,RafaRuizdeLira,3283,1790350550,505.6,1474,4,18
2103508460495159738,whyrohitwhy,4191,1790350472,18.2,124,3,4
2103508460495159738,whyrohitwhy,4191,1790350472,48.7,251,4,5
2103508460495159738,whyrohitwhy,4191,1790350472,79.2,385,6,7
2103508460495159738,whyrohitwhy,4191,1790350472,109.7,469,7,9
2103508460495159738,whyrohitwhy,4191,1790350472,140.3,527,7,9
2103508460495159738,whyrohitwhy,4191,1790350472,170.8,569,7,9
2103508460495159738,whyrohitwhy,4191,1790350472,202.2,613,7,9
2103508460495159738,whyrohitwhy,4191,1790350472,232.6,651,7,9
2103508460495159738,whyrohitwhy,4191,1790350472,263.2,683,7,9
2103508460495159738,whyrohitwhy,4191,1790350472,293.6,731,7,10
2103508460495159738,whyrohitwhy,4191,1790350472,324.0,768,7,11
2103508460495159738,whyrohitwhy,4191,1790350472,354.4,785,7,11
2103508460495159738,whyrohitwhy,4191,1790350472,384.9,807,7,11
2103508460495159738,whyrohitwhy,4191,1790350472,415.4,809,7,11
2103508460495159738,whyrohitwhy,4191,1790350472,445.9,823,7,11
2103508460495159738,whyrohitwhy,4191,1790350472,476.3,838,7,11
2103508460495159738,whyrohitwhy,4191,1790350472,506.9,844,7,11
2103508392723480798,francedot,7713,1790350456,18.4,208,1,3
2103508392723480798,francedot,7713,1790350456,49.0,431,1,5
2103508392723480798,francedot,7713,1790350456,79.5,695,2,9
2103508392723480798,francedot,7713,1790350456,110.0,958,2,10
2103508392723480798,francedot,7713,1790350456,140.5,1106,2,10
2103508392723480798,francedot,7713,1790350456,171.1,1271,2,11
2103508392723480798,francedot,7713,1790350456,202.5,1402,3,12
2103508392723480798,francedot,7713,1790350456,232.9,1513,3,13
2103508392723480798,francedot,7713,1790350456,263.4,1634,3,16
2103508392723480798,francedot,7713,1790350456,293.9,1783,3,18
2103508392723480798,francedot,7713,1790350456,324.3,1984,3,22
2103508392723480798,francedot,7713,1790350456,354.7,2181,4,23
2103508392723480798,francedot,7713,1790350456,385.2,2344,4,25
2103508392723480798,francedot,7713,1790350456,415.7,2466,4,25
2103508392723480798,francedot,7713,1790350456,446.2,2551,4,25
2103508392723480798,francedot,7713,1790350456,476.6,2636,4,26
2103508392723480798,francedot,7713,1790350456,507.2,2674,4,26
2103507887720935894,posta_octavian,5159,1790350336,20.4,422,0,7
2103507887720935894,posta_octavian,5159,1790350336,51.0,636,0,9
2103507887720935894,posta_octavian,5159,1790350336,81.5,721,0,10
2103507887720935894,posta_octavian,5159,1790350336,112.0,766,0,10
2103507887720935894,posta_octavian,5159,1790350336,142.5,809,0,10
2103507887720935894,posta_octavian,5159,1790350336,173.1,850,1,12
2103507887720935894,posta_octavian,5159,1790350336,204.5,902,3,12
2103507887720935894,posta_octavian,5159,1790350336,234.9,964,3,12
2103507887720935894,posta_octavian,5159,1790350336,265.4,1027,3,13
2103507887720935894,posta_octavian,5159,1790350336,295.9,1107,3,13
2103507887720935894,posta_octavian,5159,1790350336,326.3,1180,3,17
2103507887720935894,posta_octavian,5159,1790350336,356.7,1284,3,18
2103507887720935894,posta_octavian,5159,1790350336,387.2,1373,3,19
2103507887720935894,posta_octavian,5159,1790350336,417.7,1442,3,19
2103507887720935894,posta_octavian,5159,1790350336,448.2,1534,3,21
2103507887720935894,posta_octavian,5159,1790350336,478.6,1592,3,23
2103507887720935894,posta_octavian,5159,1790350336,509.2,1627,3,24
2103512459814305939,zeddotdev,84566,1790351426,2.3,324,1,4
2103512459814305939,zeddotdev,84566,1790351426,32.8,2868,9,60
2103512459814305939,zeddotdev,84566,1790351426,63.3,4985,16,107
2103512459814305939,zeddotdev,84566,1790351426,93.8,6622,19,140
2103512459814305939,zeddotdev,84566,1790351426,124.4,7809,19,163
2103512459814305939,zeddotdev,84566,1790351426,154.9,9173,23,184
2103512459814305939,zeddotdev,84566,1790351426,186.3,10237,23,204
2103512459814305939,zeddotdev,84566,1790351426,216.7,10959,23,215
2103512459814305939,zeddotdev,84566,1790351426,247.3,11618,25,219
2103512459814305939,zeddotdev,84566,1790351426,277.7,12093,25,224
2103512459814305939,zeddotdev,84566,1790351426,308.1,12409,26,232
2103512459814305939,zeddotdev,84566,1790351426,338.5,12699,26,238
2103512459814305939,zeddotdev,84566,1790351426,369.0,13035,26,243
2103512459814305939,zeddotdev,84566,1790351426,399.5,13499,27,255
2103512459814305939,zeddotdev,84566,1790351426,430.0,13917,27,262
2103512459814305939,zeddotdev,84566,1790351426,460.4,14232,28,267
2103512459814305939,zeddotdev,84566,1790351426,491.0,14543,29,269
2103511139967447544,jqdsouza,396,1790351111,7.5,41,4,4
2103511139967447544,jqdsouza,396,1790351111,38.0,195,8,9
2103511139967447544,jqdsouza,396,1790351111,68.6,378,13,13
2103511139967447544,jqdsouza,396,1790351111,99.1,979,14,14
2103511139967447544,jqdsouza,396,1790351111,129.6,1496,16,16
2103511139967447544,jqdsouza,396,1790351111,160.2,2934,17,18
2103511139967447544,jqdsouza,396,1790351111,191.6,4379,17,19
2103511139967447544,jqdsouza,396,1790351111,222.0,5334,17,20
2103511139967447544,jqdsouza,396,1790351111,252.5,6054,17,21
2103511139967447544,jqdsouza,396,1790351111,282.9,6693,18,21
2103511139967447544,jqdsouza,396,1790351111,313.3,7391,18,22
2103511139967447544,jqdsouza,396,1790351111,343.8,8026,18,23
2103511139967447544,jqdsouza,396,1790351111,374.3,8691,18,24
2103511139967447544,jqdsouza,396,1790351111,404.8,9346,19,24
2103511139967447544,jqdsouza,396,1790351111,435.2,9943,19,24
2103511139967447544,jqdsouza,396,1790351111,465.7,10644,20,25
2103511139967447544,jqdsouza,396,1790351111,496.3,11350,20,26
2103509567342604307,0xBakeer,2074,1790350736,13.8,85,1,2
2103509567342604307,0xBakeer,2074,1790350736,44.3,246,2,5
2103509567342604307,0xBakeer,2074,1790350736,74.8,340,2,6
2103509567342604307,0xBakeer,2074,1790350736,105.3,426,2,6
2103509567342604307,0xBakeer,2074,1790350736,135.9,481,3,7
2103509567342604307,0xBakeer,2074,1790350736,197.8,523,3,7
2103509567342604307,0xBakeer,2074,1790350736,228.2,551,3,9
2103509567342604307,0xBakeer,2074,1790350736,258.8,584,3,9
2103509567342604307,0xBakeer,2074,1790350736,289.2,618,3,9
2103509567342604307,0xBakeer,2074,1790350736,319.6,632,3,9
2103509567342604307,0xBakeer,2074,1790350736,350.0,639,3,9
2103509567342604307,0xBakeer,2074,1790350736,380.5,644,3,11
2103509567342604307,0xBakeer,2074,1790350736,411.0,652,3,11
2103509567342604307,0xBakeer,2074,1790350736,441.5,661,3,11
2103509567342604307,0xBakeer,2074,1790350736,471.9,667,3,11
2103509567342604307,0xBakeer,2074,1790350736,502.5,675,3,11
2103508677139579152,NikSeb1001,5,1790350524,17.3,15,1,2
2103508677139579152,NikSeb1001,5,1790350524,47.8,37,1,5
2103508677139579152,NikSeb1001,5,1790350524,78.4,88,1,6
2103508677139579152,NikSeb1001,5,1790350524,108.9,169,1,8
2103508677139579152,NikSeb1001,5,1790350524,139.4,288,1,8
2103508677139579152,NikSeb1001,5,1790350524,169.9,298,1,8
2103508677139579152,NikSeb1001,5,1790350524,201.4,304,1,8
2103508677139579152,NikSeb1001,5,1790350524,231.7,305,1,8
2103508677139579152,NikSeb1001,5,1790350524,262.3,305,1,8
2103508677139579152,NikSeb1001,5,1790350524,292.7,306,1,8
2103508677139579152,NikSeb1001,5,1790350524,323.1,310,1,8
2103508677139579152,NikSeb1001,5,1790350524,353.5,310,1,8
2103508677139579152,NikSeb1001,5,1790350524,384.0,311,1,8
2103508677139579152,NikSeb1001,5,1790350524,414.5,312,1,8
2103508677139579152,NikSeb1001,5,1790350524,445.0,321,1,9
2103508677139579152,NikSeb1001,5,1790350524,475.5,321,1,9
2103508677139579152,NikSeb1001,5,1790350524,506.0,321,1,9
2103507665829630079,charlielamb,1657,1790350283,21.3,81,1,8
2103507665829630079,charlielamb,1657,1790350283,51.8,173,2,10
2103507665829630079,charlielamb,1657,1790350283,82.4,209,2,11
2103507665829630079,charlielamb,1657,1790350283,112.9,250,2,12
2103507665829630079,charlielamb,1657,1790350283,143.4,278,2,12
2103507665829630079,charlielamb,1657,1790350283,174.0,291,2,12
2103507665829630079,charlielamb,1657,1790350283,205.4,305,2,12
2103507665829630079,charlielamb,1657,1790350283,235.8,316,2,13
2103507665829630079,charlielamb,1657,1790350283,266.3,325,2,13
2103507665829630079,charlielamb,1657,1790350283,296.7,332,2,13
2103507665829630079,charlielamb,1657,1790350283,327.1,339,2,13
2103507665829630079,charlielamb,1657,1790350283,357.6,349,2,13
2103507665829630079,charlielamb,1657,1790350283,388.1,357,2,13
2103507665829630079,charlielamb,1657,1790350283,418.6,365,2,14
2103507665829630079,charlielamb,1657,1790350283,449.0,371,2,14
2103507665829630079,charlielamb,1657,1790350283,479.5,378,2,14
2103507665829630079,charlielamb,1657,1790350283,510.1,384,2,14
2103507562159095970,ZenModeJon,1292,1790350258,21.7,105,8,6
2103507562159095970,ZenModeJon,1292,1790350258,52.3,215,11,8
2103507562159095970,ZenModeJon,1292,1790350258,82.8,336,12,8
2103507562159095970,ZenModeJon,1292,1790350258,113.3,378,13,8
2103507562159095970,ZenModeJon,1292,1790350258,143.8,411,14,10
2103507562159095970,ZenModeJon,1292,1790350258,174.4,444,14,10
2103507562159095970,ZenModeJon,1292,1790350258,205.8,465,14,10
2103507562159095970,ZenModeJon,1292,1790350258,236.2,493,14,11
2103507562159095970,ZenModeJon,1292,1790350258,266.7,534,14,12
2103507562159095970,ZenModeJon,1292,1790350258,297.2,575,14,12
2103507562159095970,ZenModeJon,1292,1790350258,327.6,603,15,12
2103507562159095970,ZenModeJon,1292,1790350258,358.0,628,15,12
2103507562159095970,ZenModeJon,1292,1790350258,388.5,649,15,13
2103507562159095970,ZenModeJon,1292,1790350258,419.0,662,15,13
2103507562159095970,ZenModeJon,1292,1790350258,449.5,678,15,13
2103507562159095970,ZenModeJon,1292,1790350258,479.9,687,15,13
2103507562159095970,ZenModeJon,1292,1790350258,510.5,696,15,13
2103507320835547267,mika_systems,210,1790350201,22.7,272,2,11
2103507320835547267,mika_systems,210,1790350201,53.2,482,3,14
2103507320835547267,mika_systems,210,1790350201,83.8,650,4,15
2103507320835547267,mika_systems,210,1790350201,114.2,742,4,16
2103507320835547267,mika_systems,210,1790350201,144.8,824,5,18
2103507320835547267,mika_systems,210,1790350201,175.3,905,6,18
2103507320835547267,mika_systems,210,1790350201,206.7,976,6,21
2103507320835547267,mika_systems,210,1790350201,237.1,1016,6,22
2103507320835547267,mika_systems,210,1790350201,267.7,1046,6,22
2103507320835547267,mika_systems,210,1790350201,298.1,1086,6,22
2103507320835547267,mika_systems,210,1790350201,328.5,1112,6,23
2103507320835547267,mika_systems,210,1790350201,358.9,1124,6,23
2103507320835547267,mika_systems,210,1790350201,389.4,1146,6,24
2103507320835547267,mika_systems,210,1790350201,419.9,1170,7,25
2103507320835547267,mika_systems,210,1790350201,450.4,1199,7,25
2103507320835547267,mika_systems,210,1790350201,480.8,1209,7,25
2103507320835547267,mika_systems,210,1790350201,511.4,1219,7,25
2103507064261656843,DanKornas,99354,1790350140,23.7,463,4,2
2103507064261656843,DanKornas,99354,1790350140,54.2,578,4,2
2103507064261656843,DanKornas,99354,1790350140,84.8,644,4,2
2103507064261656843,DanKornas,99354,1790350140,115.3,699,5,3
2103507064261656843,DanKornas,99354,1790350140,145.8,739,6,3
2103507064261656843,DanKornas,99354,1790350140,176.3,778,7,4
2103507064261656843,DanKornas,99354,1790350140,207.8,863,7,4
2103507064261656843,DanKornas,99354,1790350140,238.1,1004,7,5
2103507064261656843,DanKornas,99354,1790350140,268.7,1069,7,5
2103507064261656843,DanKornas,99354,1790350140,299.1,1098,7,5
2103507064261656843,DanKornas,99354,1790350140,329.5,1194,7,5
2103507064261656843,DanKornas,99354,1790350140,359.9,1242,7,5
2103507064261656843,DanKornas,99354,1790350140,390.4,1304,7,5
2103507064261656843,DanKornas,99354,1790350140,420.9,1356,7,5
2103507064261656843,DanKornas,99354,1790350140,451.4,1399,7,5
2103507064261656843,DanKornas,99354,1790350140,481.9,1430,7,5
2103507064261656843,DanKornas,99354,1790350140,512.4,1460,7,5
2103505085292593220,goodside,231302,1790349668,31.6,1813,6,25
2103505085292593220,goodside,231302,1790349668,62.1,2817,12,45
2103505085292593220,goodside,231302,1790349668,92.6,3740,15,66
2103505085292593220,goodside,231302,1790349668,123.1,4845,17,88
2103505085292593220,goodside,231302,1790349668,153.7,5834,19,103
2103505085292593220,goodside,231302,1790349668,215.6,7250,20,128
2103505085292593220,goodside,231302,1790349668,246.0,8896,24,169
2103505085292593220,goodside,231302,1790349668,276.6,11046,27,199
2103505085292593220,goodside,231302,1790349668,307.0,12973,27,238
2103505085292593220,goodside,231302,1790349668,337.4,14760,28,272
2103505085292593220,goodside,231302,1790349668,367.8,16044,31,309
2103505085292593220,goodside,231302,1790349668,398.3,17005,31,334
2103505085292593220,goodside,231302,1790349668,428.8,17847,32,356
2103505085292593220,goodside,231302,1790349668,459.3,18706,32,378
2103505085292593220,goodside,231302,1790349668,489.7,19449,32,396
2103505085292593220,goodside,231302,1790349668,520.3,19980,32,414
2103504657188634661,AiWithHani,8896,1790349566,33.3,74,3,7
2103504657188634661,AiWithHani,8896,1790349566,63.8,139,15,20
2103504657188634661,AiWithHani,8896,1790349566,94.3,173,18,23
2103504657188634661,AiWithHani,8896,1790349566,124.8,202,21,27
2103504657188634661,AiWithHani,8896,1790349566,155.4,213,22,27
2103504657188634661,AiWithHani,8896,1790349566,185.9,222,23,28
2103504657188634661,AiWithHani,8896,1790349566,217.3,226,23,28
2103504657188634661,AiWithHani,8896,1790349566,247.7,231,23,29
2103504657188634661,AiWithHani,8896,1790349566,278.3,234,23,29
2103504657188634661,AiWithHani,8896,1790349566,308.7,235,23,29
2103504657188634661,AiWithHani,8896,1790349566,339.1,238,24,29
2103504657188634661,AiWithHani,8896,1790349566,369.5,240,24,29
2103504657188634661,AiWithHani,8896,1790349566,400.0,245,24,29
2103504657188634661,AiWithHani,8896,1790349566,430.5,250,24,29
2103504657188634661,AiWithHani,8896,1790349566,461.0,252,24,29
2103504657188634661,AiWithHani,8896,1790349566,491.4,255,24,29
2103504657188634661,AiWithHani,8896,1790349566,522.0,257,24,29
2103504168359268372,nrmehta,37855,1790349449,35.2,446,2,14
2103504168359268372,nrmehta,37855,1790349449,65.7,716,7,21
2103504168359268372,nrmehta,37855,1790349449,96.3,1030,9,29
2103504168359268372,nrmehta,37855,1790349449,126.8,1336,10,35
2103504168359268372,nrmehta,37855,1790349449,157.3,1686,16,42
2103504168359268372,nrmehta,37855,1790349449,187.9,1963,20,49
2103504168359268372,nrmehta,37855,1790349449,219.3,2321,22,57
2103504168359268372,nrmehta,37855,1790349449,249.7,2928,23,65
2103504168359268372,nrmehta,37855,1790349449,280.2,3369,23,70
2103504168359268372,nrmehta,37855,1790349449,310.6,3719,26,76
2103504168359268372,nrmehta,37855,1790349449,341.0,4303,29,85
2103504168359268372,nrmehta,37855,1790349449,371.5,4907,31,92
2103504168359268372,nrmehta,37855,1790349449,402.0,5238,33,96
2103504168359268372,nrmehta,37855,1790349449,432.5,5518,33,101
2103504168359268372,nrmehta,37855,1790349449,462.9,5711,34,105
2103504168359268372,nrmehta,37855,1790349449,493.4,5849,34,106
2103504168359268372,nrmehta,37855,1790349449,524.0,5960,34,107
2103504011546472471,syedbalkhi,106049,1790349412,35.8,302,1,7
2103504011546472471,syedbalkhi,106049,1790349412,66.4,364,1,9
2103504011546472471,syedbalkhi,106049,1790349412,96.9,419,2,10
2103504011546472471,syedbalkhi,106049,1790349412,127.4,546,3,10
2103504011546472471,syedbalkhi,106049,1790349412,157.9,660,3,10
2103504011546472471,syedbalkhi,106049,1790349412,188.5,735,3,10
2103504011546472471,syedbalkhi,106049,1790349412,219.9,811,4,12
2103504011546472471,syedbalkhi,106049,1790349412,250.3,866,5,14
2103504011546472471,syedbalkhi,106049,1790349412,280.8,921,5,15
2103504011546472471,syedbalkhi,106049,1790349412,311.3,969,5,15
2103504011546472471,syedbalkhi,106049,1790349412,341.7,1013,5,15
2103504011546472471,syedbalkhi,106049,1790349412,372.1,1055,5,15
2103504011546472471,syedbalkhi,106049,1790349412,402.6,1081,5,15
2103504011546472471,syedbalkhi,106049,1790349412,433.1,1108,5,15
2103504011546472471,syedbalkhi,106049,1790349412,463.6,1125,5,15
2103504011546472471,syedbalkhi,106049,1790349412,494.0,1140,5,16
2103504011546472471,syedbalkhi,106049,1790349412,524.6,1159,5,16
2103503353405943829,DottChen,10699,1790349255,38.5,318,2,2
2103503353405943829,DottChen,10699,1790349255,69.0,412,2,2
2103503353405943829,DottChen,10699,1790349255,99.5,471,2,2
2103503353405943829,DottChen,10699,1790349255,130.0,520,2,2
2103503353405943829,DottChen,10699,1790349255,160.5,543,3,2
2103503353405943829,DottChen,10699,1790349255,191.1,554,3,2
2103503353405943829,DottChen,10699,1790349255,222.5,582,3,3
2103503353405943829,DottChen,10699,1790349255,252.9,593,3,3
2103503353405943829,DottChen,10699,1790349255,283.5,598,3,3
2103503353405943829,DottChen,10699,1790349255,313.9,604,3,3
2103503353405943829,DottChen,10699,1790349255,344.3,609,3,3
2103503353405943829,DottChen,10699,1790349255,374.7,619,3,3
2103503353405943829,DottChen,10699,1790349255,405.2,628,3,3
2103503353405943829,DottChen,10699,1790349255,435.7,636,3,3
2103503353405943829,DottChen,10699,1790349255,466.2,641,3,3
2103503353405943829,DottChen,10699,1790349255,496.6,648,3,3
2103503353405943829,DottChen,10699,1790349255,527.2,669,3,3
2103503139240362471,mohabbuilds,540,1790349204,39.3,24,0,2
2103503139240362471,mohabbuilds,540,1790349204,69.8,42,0,2
2103503139240362471,mohabbuilds,540,1790349204,100.4,57,0,2
2103503139240362471,mohabbuilds,540,1790349204,130.9,77,1,2
2103503139240362471,mohabbuilds,540,1790349204,161.4,94,3,2
2103503139240362471,mohabbuilds,540,1790349204,191.9,206,7,4
2103503139240362471,mohabbuilds,540,1790349204,223.4,247,7,4
2103503139240362471,mohabbuilds,540,1790349204,253.7,268,7,4
2103503139240362471,mohabbuilds,540,1790349204,284.3,310,7,4
2103503139240362471,mohabbuilds,540,1790349204,314.7,335,7,4
2103503139240362471,mohabbuilds,540,1790349204,345.1,353,7,4
2103503139240362471,mohabbuilds,540,1790349204,375.5,356,7,4
2103503139240362471,mohabbuilds,540,1790349204,406.0,366,7,4
2103503139240362471,mohabbuilds,540,1790349204,436.5,380,7,4
2103503139240362471,mohabbuilds,540,1790349204,467.0,388,7,4
2103503139240362471,mohabbuilds,540,1790349204,497.5,394,7,4
2103503139240362471,mohabbuilds,540,1790349204,528.0,400,7,4
2103503039579500633,thegreatest_sv,3595,1790349180,39.7,280,3,9
2103503039579500633,thegreatest_sv,3595,1790349180,70.2,569,3,12
2103503039579500633,thegreatest_sv,3595,1790349180,100.8,842,4,15
2103503039579500633,thegreatest_sv,3595,1790349180,131.3,1178,4,22
2103503039579500633,thegreatest_sv,3595,1790349180,161.8,1645,4,25
2103503039579500633,thegreatest_sv,3595,1790349180,223.8,3667,6,43
2103503039579500633,thegreatest_sv,3595,1790349180,254.1,4554,6,51
2103503039579500633,thegreatest_sv,3595,1790349180,284.7,5783,6,55
2103503039579500633,thegreatest_sv,3595,1790349180,315.1,7128,6,60
2103503039579500633,thegreatest_sv,3595,1790349180,345.5,8268,6,70
2103503039579500633,thegreatest_sv,3595,1790349180,375.9,9255,8,77
2103503039579500633,thegreatest_sv,3595,1790349180,406.4,10063,9,85
2103503039579500633,thegreatest_sv,3595,1790349180,436.9,10787,9,94
2103503039579500633,thegreatest_sv,3595,1790349180,467.4,11436,10,100
2103503039579500633,thegreatest_sv,3595,1790349180,497.9,12046,10,104
2103503039579500633,thegreatest_sv,3595,1790349180,528.4,12590,10,107
2103512710004494488,Lummox_eth,6653,1790351486,1.3,35,1,2
2103512710004494488,Lummox_eth,6653,1790351486,31.8,177,4,11
2103512710004494488,Lummox_eth,6653,1790351486,62.3,316,7,17
2103512710004494488,Lummox_eth,6653,1790351486,92.8,470,10,20
2103512710004494488,Lummox_eth,6653,1790351486,123.4,586,10,22
2103512710004494488,Lummox_eth,6653,1790351486,185.3,790,13,29
2103512710004494488,Lummox_eth,6653,1790351486,215.7,889,13,31
2103512710004494488,Lummox_eth,6653,1790351486,246.3,1015,13,35
2103512710004494488,Lummox_eth,6653,1790351486,276.7,1219,13,38
2103512710004494488,Lummox_eth,6653,1790351486,307.1,1476,14,44
2103512710004494488,Lummox_eth,6653,1790351486,337.5,1659,14,46
2103512710004494488,Lummox_eth,6653,1790351486,368.0,1906,15,48
2103512710004494488,Lummox_eth,6653,1790351486,398.5,2110,15,50
2103512710004494488,Lummox_eth,6653,1790351486,429.0,2230,15,51
2103512710004494488,Lummox_eth,6653,1790351486,459.4,2336,15,52
2103512710004494488,Lummox_eth,6653,1790351486,490.0,2482,15,52
2103510358099124577,SciTechera,22693,1790350925,10.6,254,1,5
2103510358099124577,SciTechera,22693,1790350925,41.1,505,1,8
2103510358099124577,SciTechera,22693,1790350925,71.7,624,1,9
2103510358099124577,SciTechera,22693,1790350925,102.2,717,1,10
2103510358099124577,SciTechera,22693,1790350925,132.7,785,1,10
2103510358099124577,SciTechera,22693,1790350925,163.3,831,1,11
2103510358099124577,SciTechera,22693,1790350925,194.7,855,1,10
2103510358099124577,SciTechera,22693,1790350925,225.1,894,1,11
2103510358099124577,SciTechera,22693,1790350925,255.6,913,1,11
2103510358099124577,SciTechera,22693,1790350925,286.0,937,1,11
2103510358099124577,SciTechera,22693,1790350925,316.4,958,1,11
2103510358099124577,SciTechera,22693,1790350925,346.9,970,2,11
2103510358099124577,SciTechera,22693,1790350925,377.4,980,2,11
2103510358099124577,SciTechera,22693,1790350925,407.9,999,2,11
2103510358099124577,SciTechera,22693,1790350925,438.3,1021,2,13
2103510358099124577,SciTechera,22693,1790350925,468.8,1026,2,13
2103510358099124577,SciTechera,22693,1790350925,499.4,1037,2,14
2103507709253628011,xodud_rkd,18,1790350293,21.2,7,0,2
2103507709253628011,xodud_rkd,18,1790350293,51.7,9,0,2
2103507709253628011,xodud_rkd,18,1790350293,82.2,9,0,2
2103507709253628011,xodud_rkd,18,1790350293,112.7,11,0,2
2103507709253628011,xodud_rkd,18,1790350293,143.2,13,0,2
2103507709253628011,xodud_rkd,18,1790350293,173.8,14,0,2
2103507709253628011,xodud_rkd,18,1790350293,205.2,15,0,2
2103507709253628011,xodud_rkd,18,1790350293,235.6,15,0,2
2103507709253628011,xodud_rkd,18,1790350293,266.2,17,0,2
2103507709253628011,xodud_rkd,18,1790350293,296.6,18,0,2
2103507709253628011,xodud_rkd,18,1790350293,327.0,20,0,2
2103507709253628011,xodud_rkd,18,1790350293,357.4,20,0,2
2103507709253628011,xodud_rkd,18,1790350293,387.9,20,0,2
2103507709253628011,xodud_rkd,18,1790350293,418.4,22,0,2
2103507709253628011,xodud_rkd,18,1790350293,448.9,23,0,2
2103507709253628011,xodud_rkd,18,1790350293,479.3,23,0,2
2103507709253628011,xodud_rkd,18,1790350293,509.9,24,0,2
2103507327999529154,aimlapi,3966,1790350202,22.7,927,3,19
2103507327999529154,aimlapi,3966,1790350202,53.2,3839,5,31
2103507327999529154,aimlapi,3966,1790350202,83.7,12052,6,42
2103507327999529154,aimlapi,3966,1790350202,114.2,28933,8,55
2103507327999529154,aimlapi,3966,1790350202,144.8,48971,11,78
2103507327999529154,aimlapi,3966,1790350202,175.3,69442,11,93
2103507327999529154,aimlapi,3966,1790350202,206.7,90652,12,100
2103507327999529154,aimlapi,3966,1790350202,237.1,106136,12,112
2103507327999529154,aimlapi,3966,1790350202,267.7,117897,13,114
2103507327999529154,aimlapi,3966,1790350202,298.1,131047,13,122
2103507327999529154,aimlapi,3966,1790350202,328.5,142914,13,132
2103507327999529154,aimlapi,3966,1790350202,358.9,153454,13,138
2103507327999529154,aimlapi,3966,1790350202,389.4,163989,14,145
2103507327999529154,aimlapi,3966,1790350202,419.9,173335,14,150
2103507327999529154,aimlapi,3966,1790350202,450.4,182135,14,154
2103507327999529154,aimlapi,3966,1790350202,480.8,189530,14,160
2103507327999529154,aimlapi,3966,1790350202,511.4,195861,14,163
2103506379524747432,xoleeep,20,1790349976,26.4,23,0,2
2103506379524747432,xoleeep,20,1790349976,57.0,32,0,2
2103506379524747432,xoleeep,20,1790349976,87.5,34,0,2
2103506379524747432,xoleeep,20,1790349976,118.0,38,0,2
2103506379524747432,xoleeep,20,1790349976,148.5,40,0,2
2103506379524747432,xoleeep,20,1790349976,179.1,43,0,2
2103506379524747432,xoleeep,20,1790349976,210.5,44,0,2
2103506379524747432,xoleeep,20,1790349976,240.9,45,0,2
2103506379524747432,xoleeep,20,1790349976,271.4,45,0,2
2103506379524747432,xoleeep,20,1790349976,301.9,45,0,2
2103506379524747432,xoleeep,20,1790349976,332.3,45,0,2
2103506379524747432,xoleeep,20,1790349976,362.7,46,0,2
2103506379524747432,xoleeep,20,1790349976,393.2,46,0,2
2103506379524747432,xoleeep,20,1790349976,423.7,46,0,2
2103506379524747432,xoleeep,20,1790349976,454.2,46,0,2
2103506379524747432,xoleeep,20,1790349976,484.6,46,0,2
2103506379524747432,xoleeep,20,1790349976,515.2,46,0,2
2103504822129570263,lucastohdev,255,1790349605,32.6,87,0,4
2103504822129570263,lucastohdev,255,1790349605,63.1,127,0,4
2103504822129570263,lucastohdev,255,1790349605,93.7,213,0,4
2103504822129570263,lucastohdev,255,1790349605,124.2,358,0,5
2103504822129570263,lucastohdev,255,1790349605,154.7,548,0,6
2103504822129570263,lucastohdev,255,1790349605,185.3,881,0,7
2103504822129570263,lucastohdev,255,1790349605,216.7,1235,0,8
2103504822129570263,lucastohdev,255,1790349605,247.1,1694,0,10
2103504822129570263,lucastohdev,255,1790349605,277.6,2317,0,14
2103504822129570263,lucastohdev,255,1790349605,308.0,3038,0,19
2103504822129570263,lucastohdev,255,1790349605,338.4,4070,0,26
2103504822129570263,lucastohdev,255,1790349605,368.9,4436,1,28
2103504822129570263,lucastohdev,255,1790349605,399.4,4764,0,32
2103504822129570263,lucastohdev,255,1790349605,429.9,5045,0,33
2103504822129570263,lucastohdev,255,1790349605,460.3,5258,1,34
2103504822129570263,lucastohdev,255,1790349605,490.8,5499,1,34
2103504822129570263,lucastohdev,255,1790349605,521.4,5716,1,35
2103504634358775996,landontgreen,179,1790349560,33.4,50,0,2
2103504634358775996,landontgreen,179,1790349560,63.9,79,0,4
2103504634358775996,landontgreen,179,1790349560,94.4,112,0,4
2103504634358775996,landontgreen,179,1790349560,124.9,142,0,5
2103504634358775996,landontgreen,179,1790349560,155.5,147,0,5
2103504634358775996,landontgreen,179,1790349560,186.0,156,0,6
2103504634358775996,landontgreen,179,1790349560,217.4,160,0,6
2103504634358775996,landontgreen,179,1790349560,247.8,165,0,6
2103504634358775996,landontgreen,179,1790349560,278.4,168,0,6
2103504634358775996,landontgreen,179,1790349560,308.8,169,0,6
2103504634358775996,landontgreen,179,1790349560,339.2,172,0,6
2103504634358775996,landontgreen,179,1790349560,369.6,173,0,6
2103504634358775996,landontgreen,179,1790349560,400.1,174,0,6
2103504634358775996,landontgreen,179,1790349560,430.6,178,0,7
2103504634358775996,landontgreen,179,1790349560,461.1,183,0,7
2103504634358775996,landontgreen,179,1790349560,491.5,191,0,7
2103504634358775996,landontgreen,179,1790349560,522.1,196,0,7
2103503817450922220,YunQi2025,744,1790349365,36.6,250,3,17
2103503817450922220,YunQi2025,744,1790349365,67.1,686,7,44
2103503817450922220,YunQi2025,744,1790349365,97.7,1117,9,64
2103503817450922220,YunQi2025,744,1790349365,128.2,1570,14,81
2103503817450922220,YunQi2025,744,1790349365,158.7,1937,16,98
2103503817450922220,YunQi2025,744,1790349365,189.3,2363,20,115
2103503817450922220,YunQi2025,744,1790349365,220.7,2920,20,128
2103503817450922220,YunQi2025,744,1790349365,251.1,3407,23,141
2103503817450922220,YunQi2025,744,1790349365,281.6,3665,23,150
2103503817450922220,YunQi2025,744,1790349365,312.0,3998,23,159
2103503817450922220,YunQi2025,744,1790349365,342.4,4377,24,165
2103503817450922220,YunQi2025,744,1790349365,372.9,4661,24,172
2103503817450922220,YunQi2025,744,1790349365,403.4,4951,24,178
2103503817450922220,YunQi2025,744,1790349365,433.9,5214,24,186
2103503817450922220,YunQi2025,744,1790349365,464.3,5509,25,191
2103503817450922220,YunQi2025,744,1790349365,494.8,5812,26,197
2103503817450922220,YunQi2025,744,1790349365,525.4,6095,26,202
2103503013813866697,irareika,56,1790349174,39.8,45,0,3
2103503013813866697,irareika,56,1790349174,70.3,52,0,3
2103503013813866697,irareika,56,1790349174,100.9,58,0,3
2103503013813866697,irareika,56,1790349174,131.4,61,0,3
2103503013813866697,irareika,56,1790349174,161.9,66,0,3
2103503013813866697,irareika,56,1790349174,192.4,76,0,3
2103503013813866697,irareika,56,1790349174,223.9,86,0,3
2103503013813866697,irareika,56,1790349174,254.2,95,0,3
2103503013813866697,irareika,56,1790349174,284.8,124,0,3
2103503013813866697,irareika,56,1790349174,315.2,155,0,3
2103503013813866697,irareika,56,1790349174,345.6,180,0,4
2103503013813866697,irareika,56,1790349174,376.0,202,0,4
2103503013813866697,irareika,56,1790349174,406.5,219,0,4
2103503013813866697,irareika,56,1790349174,437.0,238,0,4
2103503013813866697,irareika,56,1790349174,467.5,245,0,4
2103503013813866697,irareika,56,1790349174,498.0,250,0,4
2103503013813866697,irareika,56,1790349174,528.5,258,0,4
2103508942395768843,skylar_b_payne,1566,1790350587,16.3,40,0,4
2103508942395768843,skylar_b_payne,1566,1790350587,46.8,271,1,4
2103508942395768843,skylar_b_payne,1566,1790350587,77.3,385,1,5
2103508942395768843,skylar_b_payne,1566,1790350587,107.8,468,1,6
2103508942395768843,skylar_b_payne,1566,1790350587,138.3,558,2,6
2103508942395768843,skylar_b_payne,1566,1790350587,168.9,607,2,6
2103508942395768843,skylar_b_payne,1566,1790350587,200.3,627,2,6
2103508942395768843,skylar_b_payne,1566,1790350587,230.7,635,2,6
2103508942395768843,skylar_b_payne,1566,1790350587,261.3,645,2,6
2103508942395768843,skylar_b_payne,1566,1790350587,291.7,656,2,6
2103508942395768843,skylar_b_payne,1566,1790350587,322.1,662,2,6
2103508942395768843,skylar_b_payne,1566,1790350587,352.5,667,2,6
2103508942395768843,skylar_b_payne,1566,1790350587,383.0,673,2,6
2103508942395768843,skylar_b_payne,1566,1790350587,413.5,674,2,6
2103508942395768843,skylar_b_payne,1566,1790350587,444.0,680,2,6
2103508942395768843,skylar_b_payne,1566,1790350587,474.4,687,2,6
2103508942395768843,skylar_b_payne,1566,1790350587,505.0,694,2,6
2103506868509474879,Deepnsec,270,1790350093,24.5,17,0,3
2103506868509474879,Deepnsec,270,1790350093,55.0,22,0,3
2103506868509474879,Deepnsec,270,1790350093,85.6,23,0,3
2103506868509474879,Deepnsec,270,1790350093,116.0,25,0,3
2103506868509474879,Deepnsec,270,1790350093,146.6,25,0,3
2103506868509474879,Deepnsec,270,1790350093,177.1,25,0,3
2103506868509474879,Deepnsec,270,1790350093,208.5,25,0,3
2103506868509474879,Deepnsec,270,1790350093,238.9,25,0,3
2103506868509474879,Deepnsec,270,1790350093,269.5,26,0,3
2103506868509474879,Deepnsec,270,1790350093,299.9,29,0,3
2103506868509474879,Deepnsec,270,1790350093,330.3,29,0,3
2103506868509474879,Deepnsec,270,1790350093,360.7,32,0,3
2103506868509474879,Deepnsec,270,1790350093,391.2,34,0,3
2103506868509474879,Deepnsec,270,1790350093,421.7,38,0,3
2103506868509474879,Deepnsec,270,1790350093,452.2,39,0,3
2103506868509474879,Deepnsec,270,1790350093,482.6,43,0,3
2103506868509474879,Deepnsec,270,1790350093,513.2,43,0,3
2103506140466168167,MarcoWorms,5168,1790349919,27.4,184,2,6
2103506140466168167,MarcoWorms,5168,1790349919,57.9,271,2,6
2103506140466168167,MarcoWorms,5168,1790349919,88.5,349,2,7
2103506140466168167,MarcoWorms,5168,1790349919,118.9,393,2,7
2103506140466168167,MarcoWorms,5168,1790349919,149.5,417,2,7
2103506140466168167,MarcoWorms,5168,1790349919,180.0,445,2,7
2103506140466168167,MarcoWorms,5168,1790349919,211.4,469,2,7
2103506140466168167,MarcoWorms,5168,1790349919,241.8,492,2,7
2103506140466168167,MarcoWorms,5168,1790349919,272.4,515,2,8
2103506140466168167,MarcoWorms,5168,1790349919,302.8,547,2,9
2103506140466168167,MarcoWorms,5168,1790349919,333.2,575,2,9
2103506140466168167,MarcoWorms,5168,1790349919,363.6,585,3,10
2103506140466168167,MarcoWorms,5168,1790349919,394.1,608,3,10
2103506140466168167,MarcoWorms,5168,1790349919,424.6,621,3,10
2103506140466168167,MarcoWorms,5168,1790349919,455.1,630,3,10
2103506140466168167,MarcoWorms,5168,1790349919,485.5,636,3,10
2103506140466168167,MarcoWorms,5168,1790349919,516.1,643,3,10
2103503888569786588,AndriiSolokh,171,1790349382,36.3,26,1,3
2103503888569786588,AndriiSolokh,171,1790349382,66.9,37,1,4
2103503888569786588,AndriiSolokh,171,1790349382,97.4,39,1,4
2103503888569786588,AndriiSolokh,171,1790349382,127.9,41,1,5
2103503888569786588,AndriiSolokh,171,1790349382,158.4,42,1,5
2103503888569786588,AndriiSolokh,171,1790349382,189.0,44,1,5
2103503888569786588,AndriiSolokh,171,1790349382,220.4,45,1,5
2103503888569786588,AndriiSolokh,171,1790349382,250.8,45,1,5
2103503888569786588,AndriiSolokh,171,1790349382,281.3,46,1,5
2103503888569786588,AndriiSolokh,171,1790349382,311.8,46,1,5
2103503888569786588,AndriiSolokh,171,1790349382,342.2,46,1,5
2103503888569786588,AndriiSolokh,171,1790349382,372.6,47,1,5
2103503888569786588,AndriiSolokh,171,1790349382,403.1,48,1,5
2103503888569786588,AndriiSolokh,171,1790349382,433.6,48,1,5
2103503888569786588,AndriiSolokh,171,1790349382,464.1,49,1,5
2103503888569786588,AndriiSolokh,171,1790349382,494.5,49,1,5
2103503888569786588,AndriiSolokh,171,1790349382,525.1,50,1,5
2103503508423278848,chriswray_,294,1790349292,37.8,48,0,2
2103503508423278848,chriswray_,294,1790349292,68.4,105,0,3
2103503508423278848,chriswray_,294,1790349292,98.9,139,0,3
2103503508423278848,chriswray_,294,1790349292,129.4,154,0,3
2103503508423278848,chriswray_,294,1790349292,159.9,170,1,5
2103503508423278848,chriswray_,294,1790349292,190.5,194,1,5
2103503508423278848,chriswray_,294,1790349292,221.9,235,1,5
2103503508423278848,chriswray_,294,1790349292,252.3,246,1,5
2103503508423278848,chriswray_,294,1790349292,282.8,257,1,5
2103503508423278848,chriswray_,294,1790349292,313.3,261,1,5
2103503508423278848,chriswray_,294,1790349292,343.7,265,1,5
2103503508423278848,chriswray_,294,1790349292,374.1,273,1,5
2103503508423278848,chriswray_,294,1790349292,404.6,280,1,5
2103503508423278848,chriswray_,294,1790349292,435.1,295,1,5
2103503508423278848,chriswray_,294,1790349292,465.6,303,1,5
2103503508423278848,chriswray_,294,1790349292,496.0,310,1,5
2103503508423278848,chriswray_,294,1790349292,526.6,315,1,5
2103509050428387449,thomasgauvin,3488,1790350613,15.8,61,3,2
2103509050428387449,thomasgauvin,3488,1790350613,46.3,146,3,2
2103509050428387449,thomasgauvin,3488,1790350613,76.9,307,4,3
2103509050428387449,thomasgauvin,3488,1790350613,107.4,491,6,6
2103509050428387449,thomasgauvin,3488,1790350613,137.9,633,7,6
2103509050428387449,thomasgauvin,3488,1790350613,168.5,691,8,8
2103509050428387449,thomasgauvin,3488,1790350613,199.9,754,8,8
2103509050428387449,thomasgauvin,3488,1790350613,230.3,788,8,8
2103509050428387449,thomasgauvin,3488,1790350613,260.8,812,8,8
2103509050428387449,thomasgauvin,3488,1790350613,291.2,852,10,8
2103509050428387449,thomasgauvin,3488,1790350613,321.6,1012,10,8
2103509050428387449,thomasgauvin,3488,1790350613,352.1,1132,12,9
2103509050428387449,thomasgauvin,3488,1790350613,382.6,1244,12,10
2103509050428387449,thomasgauvin,3488,1790350613,413.1,1370,12,10
2103509050428387449,thomasgauvin,3488,1790350613,443.5,1411,12,11
2103509050428387449,thomasgauvin,3488,1790350613,474.0,1466,13,11
2103509050428387449,thomasgauvin,3488,1790350613,504.6,1527,14,11
2103507318474457131,lovera_simone,88,1790350200,22.7,52,7,4
2103507318474457131,lovera_simone,88,1790350200,53.2,172,9,5
2103507318474457131,lovera_simone,88,1790350200,83.8,557,11,6
2103507318474457131,lovera_simone,88,1790350200,114.3,1500,12,9
2103507318474457131,lovera_simone,88,1790350200,144.8,3053,13,10
2103507318474457131,lovera_simone,88,1790350200,175.3,4390,13,10
2103507318474457131,lovera_simone,88,1790350200,206.8,5406,13,10
2103507318474457131,lovera_simone,88,1790350200,237.1,6375,13,11
2103507318474457131,lovera_simone,88,1790350200,267.7,7536,13,11
2103507318474457131,lovera_simone,88,1790350200,298.1,8606,14,11
2103507318474457131,lovera_simone,88,1790350200,328.5,9729,14,11
2103507318474457131,lovera_simone,88,1790350200,358.9,10777,14,11
2103507318474457131,lovera_simone,88,1790350200,389.4,11688,14,11
2103507318474457131,lovera_simone,88,1790350200,419.9,12462,14,11
2103507318474457131,lovera_simone,88,1790350200,450.4,13123,14,11
2103507318474457131,lovera_simone,88,1790350200,480.9,13560,14,11
2103507318474457131,lovera_simone,88,1790350200,511.4,14016,15,11
2103507286073266412,KryptoCEO,3890,1790350192,22.8,93,0,3
2103507286073266412,KryptoCEO,3890,1790350192,53.4,116,0,4
2103507286073266412,KryptoCEO,3890,1790350192,83.9,138,1,4
2103507286073266412,KryptoCEO,3890,1790350192,114.4,157,1,5
2103507286073266412,KryptoCEO,3890,1790350192,144.9,166,1,5
2103507286073266412,KryptoCEO,3890,1790350192,175.5,179,1,6
2103507286073266412,KryptoCEO,3890,1790350192,206.9,182,1,7
2103507286073266412,KryptoCEO,3890,1790350192,237.3,190,1,7
2103507286073266412,KryptoCEO,3890,1790350192,267.8,249,1,7
2103507286073266412,KryptoCEO,3890,1790350192,298.3,292,1,7
2103507286073266412,KryptoCEO,3890,1790350192,328.7,303,1,7
2103507286073266412,KryptoCEO,3890,1790350192,359.1,326,1,7
2103507286073266412,KryptoCEO,3890,1790350192,389.6,341,1,7
2103507286073266412,KryptoCEO,3890,1790350192,420.1,352,1,7
2103507286073266412,KryptoCEO,3890,1790350192,450.6,354,1,7
2103507286073266412,KryptoCEO,3890,1790350192,481.0,358,1,7
2103507286073266412,KryptoCEO,3890,1790350192,511.6,362,1,7
2103504548686073996,Abhijit_091,1223,1790349540,33.7,21,2,3
2103504548686073996,Abhijit_091,1223,1790349540,64.2,35,3,4
2103504548686073996,Abhijit_091,1223,1790349540,94.8,55,3,4
2103504548686073996,Abhijit_091,1223,1790349540,125.3,65,3,4
2103504548686073996,Abhijit_091,1223,1790349540,155.8,74,3,4
2103504548686073996,Abhijit_091,1223,1790349540,186.3,83,3,4
2103504548686073996,Abhijit_091,1223,1790349540,217.8,87,3,4
2103504548686073996,Abhijit_091,1223,1790349540,248.1,88,3,4
2103504548686073996,Abhijit_091,1223,1790349540,278.7,90,3,4
2103504548686073996,Abhijit_091,1223,1790349540,309.1,94,3,5
2103504548686073996,Abhijit_091,1223,1790349540,339.5,94,3,5
2103504548686073996,Abhijit_091,1223,1790349540,369.9,95,3,5
2103504548686073996,Abhijit_091,1223,1790349540,400.4,96,3,5
2103504548686073996,Abhijit_091,1223,1790349540,430.9,97,3,5
2103504548686073996,Abhijit_091,1223,1790349540,461.4,97,3,5
2103504548686073996,Abhijit_091,1223,1790349540,491.9,97,3,5
2103504548686073996,Abhijit_091,1223,1790349540,522.4,98,3,5
2103511488723886099,gandreou007,24217,1790351194,6.1,309,0,4
2103511488723886099,gandreou007,24217,1790351194,36.7,757,1,22
2103511488723886099,gandreou007,24217,1790351194,67.2,988,3,40
2103511488723886099,gandreou007,24217,1790351194,97.7,1207,3,58
2103511488723886099,gandreou007,24217,1790351194,128.2,1484,3,74
2103511488723886099,gandreou007,24217,1790351194,190.2,1741,4,89
2103511488723886099,gandreou007,24217,1790351194,220.6,1829,4,98
2103511488723886099,gandreou007,24217,1790351194,251.1,1913,4,109
2103511488723886099,gandreou007,24217,1790351194,281.6,1991,4,120
2103511488723886099,gandreou007,24217,1790351194,312.0,2082,4,133
2103511488723886099,gandreou007,24217,1790351194,342.4,2214,5,142
2103511488723886099,gandreou007,24217,1790351194,372.9,2315,5,148
2103511488723886099,gandreou007,24217,1790351194,403.4,2407,5,150
2103511488723886099,gandreou007,24217,1790351194,433.9,2473,5,153
2103511488723886099,gandreou007,24217,1790351194,464.3,2535,5,161
2103511488723886099,gandreou007,24217,1790351194,494.9,2620,5,167
2103511444147081576,Altcoinist,103650,1790351184,6.3,1122,3,16
2103511444147081576,Altcoinist,103650,1790351184,36.8,1784,5,28
2103511444147081576,Altcoinist,103650,1790351184,67.4,2146,6,35
2103511444147081576,Altcoinist,103650,1790351184,97.9,2376,6,39
2103511444147081576,Altcoinist,103650,1790351184,128.4,2545,6,41
2103511444147081576,Altcoinist,103650,1790351184,158.9,2659,6,44
2103511444147081576,Altcoinist,103650,1790351184,190.4,2752,6,46
2103511444147081576,Altcoinist,103650,1790351184,220.7,2832,6,49
2103511444147081576,Altcoinist,103650,1790351184,251.3,2917,7,52
2103511444147081576,Altcoinist,103650,1790351184,281.7,3000,7,54
2103511444147081576,Altcoinist,103650,1790351184,312.1,3047,7,55
2103511444147081576,Altcoinist,103650,1790351184,342.5,3097,7,55
2103511444147081576,Altcoinist,103650,1790351184,373.0,3149,7,56
2103511444147081576,Altcoinist,103650,1790351184,403.5,3194,7,56
2103511444147081576,Altcoinist,103650,1790351184,434.0,3240,7,58
2103511444147081576,Altcoinist,103650,1790351184,464.5,3273,7,58
2103511444147081576,Altcoinist,103650,1790351184,495.0,3299,7,58
2103511439965352001,binji_x,47482,1790351183,6.3,734,2,8
2103511439965352001,binji_x,47482,1790351183,36.8,2038,8,28
2103511439965352001,binji_x,47482,1790351183,67.4,2722,8,38
2103511439965352001,binji_x,47482,1790351183,97.9,3164,8,42
2103511439965352001,binji_x,47482,1790351183,128.4,3483,8,45
2103511439965352001,binji_x,47482,1790351183,159.0,3717,8,49
2103511439965352001,binji_x,47482,1790351183,190.4,3896,9,54
2103511439965352001,binji_x,47482,1790351183,220.8,4208,11,60
2103511439965352001,binji_x,47482,1790351183,251.3,4455,11,66
2103511439965352001,binji_x,47482,1790351183,281.7,4716,11,68
2103511439965352001,binji_x,47482,1790351183,312.1,5036,11,72
2103511439965352001,binji_x,47482,1790351183,342.6,5237,11,76
2103511439965352001,binji_x,47482,1790351183,373.1,5340,11,78
2103511439965352001,binji_x,47482,1790351183,403.6,5417,12,79
2103511439965352001,binji_x,47482,1790351183,434.0,5540,12,81
2103511439965352001,binji_x,47482,1790351183,464.5,5643,12,82
2103511439965352001,binji_x,47482,1790351183,495.1,5736,12,84
2103511093796872500,rongalichay,67,1790351100,7.7,16,0,3
2103511093796872500,rongalichay,67,1790351100,38.2,19,0,3
2103511093796872500,rongalichay,67,1790351100,68.8,21,0,3
2103511093796872500,rongalichay,67,1790351100,99.3,21,0,3
2103511093796872500,rongalichay,67,1790351100,129.8,21,0,3
2103511093796872500,rongalichay,67,1790351100,160.3,23,0,3
2103511093796872500,rongalichay,67,1790351100,191.8,23,0,3
2103511093796872500,rongalichay,67,1790351100,222.1,23,0,3
2103511093796872500,rongalichay,67,1790351100,252.7,23,0,3
2103511093796872500,rongalichay,67,1790351100,283.1,23,0,3
2103511093796872500,rongalichay,67,1790351100,313.5,24,0,3
2103511093796872500,rongalichay,67,1790351100,343.9,24,0,3
2103511093796872500,rongalichay,67,1790351100,374.4,24,0,3
2103511093796872500,rongalichay,67,1790351100,404.9,24,0,3
2103511093796872500,rongalichay,67,1790351100,435.4,24,0,3
2103511093796872500,rongalichay,67,1790351100,465.9,24,0,3
2103511093796872500,rongalichay,67,1790351100,496.4,24,0,3
2103511092777427452,InvestLikeBest,39511,1790351100,7.7,1777,2,4
2103511092777427452,InvestLikeBest,39511,1790351100,38.2,7503,3,7
2103511092777427452,InvestLikeBest,39511,1790351100,68.8,11169,3,11
2103511092777427452,InvestLikeBest,39511,1790351100,99.3,14259,4,13
2103511092777427452,InvestLikeBest,39511,1790351100,129.8,16648,4,16
2103511092777427452,InvestLikeBest,39511,1790351100,160.3,18950,4,20
2103511092777427452,InvestLikeBest,39511,1790351100,191.8,20771,4,21
2103511092777427452,InvestLikeBest,39511,1790351100,222.1,22236,4,23
2103511092777427452,InvestLikeBest,39511,1790351100,252.7,23710,4,25
2103511092777427452,InvestLikeBest,39511,1790351100,283.1,24773,5,25
2103511092777427452,InvestLikeBest,39511,1790351100,313.5,25687,5,26
2103511092777427452,InvestLikeBest,39511,1790351100,343.9,27208,6,27
2103511092777427452,InvestLikeBest,39511,1790351100,374.4,28495,6,29
2103511092777427452,InvestLikeBest,39511,1790351100,404.9,29627,6,30
2103511092777427452,InvestLikeBest,39511,1790351100,435.4,30987,6,32
2103511092777427452,InvestLikeBest,39511,1790351100,465.9,32103,6,34
2103511092777427452,InvestLikeBest,39511,1790351100,496.4,33374,6,36
2103510677617029392,Mahabub01726,12501,1790351001,9.4,45,3,3
2103510677617029392,Mahabub01726,12501,1790351001,39.9,88,9,8
2103510677617029392,Mahabub01726,12501,1790351001,70.4,123,13,13
2103510677617029392,Mahabub01726,12501,1790351001,100.9,144,14,15
2103510677617029392,Mahabub01726,12501,1790351001,131.4,165,14,15
2103510677617029392,Mahabub01726,12501,1790351001,162.0,171,15,15
2103510677617029392,Mahabub01726,12501,1790351001,193.4,176,15,15
2103510677617029392,Mahabub01726,12501,1790351001,223.8,178,15,15
2103510677617029392,Mahabub01726,12501,1790351001,254.4,180,15,15
2103510677617029392,Mahabub01726,12501,1790351001,284.8,183,15,15
2103510677617029392,Mahabub01726,12501,1790351001,315.2,184,15,15
2103510677617029392,Mahabub01726,12501,1790351001,345.6,184,15,15
2103510677617029392,Mahabub01726,12501,1790351001,376.1,184,15,15
2103510677617029392,Mahabub01726,12501,1790351001,406.6,185,15,15
2103510677617029392,Mahabub01726,12501,1790351001,437.1,187,15,15
2103510677617029392,Mahabub01726,12501,1790351001,467.5,189,15,15
2103510677617029392,Mahabub01726,12501,1790351001,498.1,191,15,15
2103510674764911081,PrinceKu945,1743,1790351000,9.4,23,0,2
2103510674764911081,PrinceKu945,1743,1790351000,39.9,218,0,11
2103510674764911081,PrinceKu945,1743,1790351000,70.4,361,2,16
2103510674764911081,PrinceKu945,1743,1790351000,100.9,397,5,20
2103510674764911081,PrinceKu945,1743,1790351000,131.5,413,6,22
2103510674764911081,PrinceKu945,1743,1790351000,162.0,437,6,22
2103510674764911081,PrinceKu945,1743,1790351000,193.4,513,6,24
2103510674764911081,PrinceKu945,1743,1790351000,223.8,1515,6,27
2103510674764911081,PrinceKu945,1743,1790351000,254.4,2263,6,28
2103510674764911081,PrinceKu945,1743,1790351000,284.8,2897,6,29
2103510674764911081,PrinceKu945,1743,1790351000,315.2,3614,6,29
2103510674764911081,PrinceKu945,1743,1790351000,345.6,4214,6,29
2103510674764911081,PrinceKu945,1743,1790351000,376.1,5012,6,30
2103510674764911081,PrinceKu945,1743,1790351000,406.6,5995,6,29
2103510674764911081,PrinceKu945,1743,1790351000,437.1,7309,6,30
2103510674764911081,PrinceKu945,1743,1790351000,467.5,8584,6,30
2103510674764911081,PrinceKu945,1743,1790351000,498.1,9811,6,30
2103510673862836483,vikktorrrre,9408,1790351000,9.4,351,5,14
2103510673862836483,vikktorrrre,9408,1790351000,39.9,644,15,29
2103510673862836483,vikktorrrre,9408,1790351000,70.4,883,20,44
2103510673862836483,vikktorrrre,9408,1790351000,100.9,961,20,44
2103510673862836483,vikktorrrre,9408,1790351000,131.5,1024,21,46
2103510673862836483,vikktorrrre,9408,1790351000,162.0,1056,21,46
2103510673862836483,vikktorrrre,9408,1790351000,193.4,1086,21,46
2103510673862836483,vikktorrrre,9408,1790351000,223.8,1106,21,46
2103510673862836483,vikktorrrre,9408,1790351000,254.4,1145,22,48
2103510673862836483,vikktorrrre,9408,1790351000,284.8,1173,22,48
2103510673862836483,vikktorrrre,9408,1790351000,315.2,1202,23,50
2103510673862836483,vikktorrrre,9408,1790351000,345.6,1234,24,52
2103510673862836483,vikktorrrre,9408,1790351000,376.1,1268,24,52
2103510673862836483,vikktorrrre,9408,1790351000,406.6,1288,24,52
2103510673862836483,vikktorrrre,9408,1790351000,437.1,1303,24,52
2103510673862836483,vikktorrrre,9408,1790351000,467.5,1313,24,52
2103510673862836483,vikktorrrre,9408,1790351000,498.1,1318,24,53
2103510570750156976,KavianCoin,2271,1790350976,9.8,65,2,8
2103510570750156976,KavianCoin,2271,1790350976,40.3,104,2,9
2103510570750156976,KavianCoin,2271,1790350976,70.8,128,2,11
2103510570750156976,KavianCoin,2271,1790350976,101.3,141,2,11
2103510570750156976,KavianCoin,2271,1790350976,131.9,152,2,12
2103510570750156976,KavianCoin,2271,1790350976,162.4,170,2,13
2103510570750156976,KavianCoin,2271,1790350976,193.8,175,2,14
2103510570750156976,KavianCoin,2271,1790350976,224.2,181,2,14
2103510570750156976,KavianCoin,2271,1790350976,254.8,188,2,14
2103510570750156976,KavianCoin,2271,1790350976,285.2,194,2,14
2103510570750156976,KavianCoin,2271,1790350976,315.6,197,2,14
2103510570750156976,KavianCoin,2271,1790350976,346.0,207,2,14
2103510570750156976,KavianCoin,2271,1790350976,376.5,214,2,14
2103510570750156976,KavianCoin,2271,1790350976,407.0,215,2,14
2103510570750156976,KavianCoin,2271,1790350976,437.5,215,2,14
2103510570750156976,KavianCoin,2271,1790350976,467.9,220,2,14
2103510570750156976,KavianCoin,2271,1790350976,498.5,223,2,14
2103510047557107841,konig0000,20385,1790350851,11.9,36,0,2
2103510047557107841,konig0000,20385,1790350851,42.4,59,0,2
2103510047557107841,konig0000,20385,1790350851,72.9,61,0,2
2103510047557107841,konig0000,20385,1790350851,103.4,72,0,2
2103510047557107841,konig0000,20385,1790350851,133.9,84,0,2
2103510047557107841,konig0000,20385,1790350851,195.9,87,0,2
2103510047557107841,konig0000,20385,1790350851,226.3,90,0,2
2103510047557107841,konig0000,20385,1790350851,256.9,92,0,2
2103510047557107841,konig0000,20385,1790350851,287.3,93,0,2
2103510047557107841,konig0000,20385,1790350851,317.7,93,0,2
2103510047557107841,konig0000,20385,1790350851,348.1,94,0,2
2103510047557107841,konig0000,20385,1790350851,378.6,96,0,2
2103510047557107841,konig0000,20385,1790350851,409.1,96,0,2
2103510047557107841,konig0000,20385,1790350851,439.6,96,0,2
2103510047557107841,konig0000,20385,1790350851,470.0,97,0,2
2103510047557107841,konig0000,20385,1790350851,500.6,100,0,2
2103509809165418709,BleepinComputer,258610,1790350794,12.8,1635,0,3
2103509809165418709,BleepinComputer,258610,1790350794,43.3,2347,0,5
2103509809165418709,BleepinComputer,258610,1790350794,73.9,2703,0,5
2103509809165418709,BleepinComputer,258610,1790350794,104.4,2935,0,7
2103509809165418709,BleepinComputer,258610,1790350794,134.9,3148,0,8
2103509809165418709,BleepinComputer,258610,1790350794,165.4,3302,0,8
2103509809165418709,BleepinComputer,258610,1790350794,196.9,3414,0,8
2103509809165418709,BleepinComputer,258610,1790350794,227.2,3536,0,8
2103509809165418709,BleepinComputer,258610,1790350794,257.8,3661,0,8
2103509809165418709,BleepinComputer,258610,1790350794,288.2,3753,0,10
2103509809165418709,BleepinComputer,258610,1790350794,318.6,3839,0,10
2103509809165418709,BleepinComputer,258610,1790350794,349.0,3911,1,10
2103509809165418709,BleepinComputer,258610,1790350794,379.5,3981,1,10
2103509809165418709,BleepinComputer,258610,1790350794,410.0,4030,0,10
2103509809165418709,BleepinComputer,258610,1790350794,440.5,4095,1,10
2103509809165418709,BleepinComputer,258610,1790350794,471.0,4346,1,10
2103509809165418709,BleepinComputer,258610,1790350794,501.5,4549,0,10
2103509611252695313,HOFCapital,4647,1790350747,13.6,84,0,4
2103509611252695313,HOFCapital,4647,1790350747,44.1,281,0,7
2103509611252695313,HOFCapital,4647,1790350747,74.7,357,0,10
2103509611252695313,HOFCapital,4647,1790350747,105.1,465,0,11
2103509611252695313,HOFCapital,4647,1790350747,135.7,565,0,13
2103509611252695313,HOFCapital,4647,1790350747,166.2,602,0,14
2103509611252695313,HOFCapital,4647,1790350747,197.6,644,0,14
2103509611252695313,HOFCapital,4647,1790350747,228.0,1672,0,15
2103509611252695313,HOFCapital,4647,1790350747,258.6,2124,1,18
2103509611252695313,HOFCapital,4647,1790350747,289.0,2414,0,18
2103509611252695313,HOFCapital,4647,1790350747,319.4,2579,1,18
2103509611252695313,HOFCapital,4647,1790350747,349.8,2736,1,22
2103509611252695313,HOFCapital,4647,1790350747,380.3,2866,1,22
2103509611252695313,HOFCapital,4647,1790350747,410.8,2964,0,23
2103509611252695313,HOFCapital,4647,1790350747,441.3,3046,0,24
2103509611252695313,HOFCapital,4647,1790350747,471.7,3130,0,24
2103509611252695313,HOFCapital,4647,1790350747,502.3,3195,0,25
2103509465693643057,SquawkStreet,283103,1790350712,14.2,989,1,2
2103509465693643057,SquawkStreet,283103,1790350712,44.7,1464,1,5
2103509465693643057,SquawkStreet,283103,1790350712,75.2,1731,1,5
2103509465693643057,SquawkStreet,283103,1790350712,105.7,1888,1,6
2103509465693643057,SquawkStreet,283103,1790350712,136.3,2034,2,6
2103509465693643057,SquawkStreet,283103,1790350712,166.8,2130,3,6
2103509465693643057,SquawkStreet,283103,1790350712,198.2,2226,3,8
2103509465693643057,SquawkStreet,283103,1790350712,228.6,2528,3,8
2103509465693643057,SquawkStreet,283103,1790350712,259.2,2806,3,8
2103509465693643057,SquawkStreet,283103,1790350712,289.6,3107,3,10
2103509465693643057,SquawkStreet,283103,1790350712,320.0,3358,3,10
2103509465693643057,SquawkStreet,283103,1790350712,350.4,3549,3,10
2103509465693643057,SquawkStreet,283103,1790350712,380.9,3705,3,10
2103509465693643057,SquawkStreet,283103,1790350712,411.4,3857,3,10
2103509465693643057,SquawkStreet,283103,1790350712,441.9,4001,3,10
2103509465693643057,SquawkStreet,283103,1790350712,472.3,4106,3,10
2103509465693643057,SquawkStreet,283103,1790350712,502.9,4199,3,10
2103509378192339315,useArcrouter,300,1790350691,14.5,133,0,3
2103509378192339315,useArcrouter,300,1790350691,45.0,299,0,9
2103509378192339315,useArcrouter,300,1790350691,75.6,524,0,11
2103509378192339315,useArcrouter,300,1790350691,106.1,593,0,13
2103509378192339315,useArcrouter,300,1790350691,136.6,671,0,13
2103509378192339315,useArcrouter,300,1790350691,167.2,729,0,14
2103509378192339315,useArcrouter,300,1790350691,198.6,761,0,15
2103509378192339315,useArcrouter,300,1790350691,229.0,798,0,16
2103509378192339315,useArcrouter,300,1790350691,259.5,811,0,16
2103509378192339315,useArcrouter,300,1790350691,289.9,829,0,17
2103509378192339315,useArcrouter,300,1790350691,320.3,861,0,18
2103509378192339315,useArcrouter,300,1790350691,350.8,880,0,19
2103509378192339315,useArcrouter,300,1790350691,381.3,921,0,19
2103509378192339315,useArcrouter,300,1790350691,411.8,935,0,19
2103509378192339315,useArcrouter,300,1790350691,442.2,953,0,20
2103509378192339315,useArcrouter,300,1790350691,472.7,978,0,20
2103509378192339315,useArcrouter,300,1790350691,503.3,996,0,20
2103509377865138225,alexeheath,475458,1790350691,14.5,1123,3,20
2103509377865138225,alexeheath,475458,1790350691,45.0,11062,11,92
2103509377865138225,alexeheath,475458,1790350691,75.6,17442,14,130
2103509377865138225,alexeheath,475458,1790350691,106.1,21489,16,162
2103509377865138225,alexeheath,475458,1790350691,136.6,24964,19,180
2103509377865138225,alexeheath,475458,1790350691,167.2,29392,21,193
2103509377865138225,alexeheath,475458,1790350691,198.6,32276,22,209
2103509377865138225,alexeheath,475458,1790350691,229.0,36706,22,224
2103509377865138225,alexeheath,475458,1790350691,259.5,42369,22,231
2103509377865138225,alexeheath,475458,1790350691,289.9,48734,22,239
2103509377865138225,alexeheath,475458,1790350691,320.3,55625,27,255
2103509377865138225,alexeheath,475458,1790350691,350.8,62474,28,263
2103509377865138225,alexeheath,475458,1790350691,381.3,68136,28,268
2103509377865138225,alexeheath,475458,1790350691,411.8,74462,28,270
2103509377865138225,alexeheath,475458,1790350691,442.2,79670,29,278
2103509377865138225,alexeheath,475458,1790350691,472.7,84729,30,287
2103509377865138225,alexeheath,475458,1790350691,503.3,89042,30,292
2103509376602382624,cashbookdotsh,134,1790350691,14.5,123,6,16
2103509376602382624,cashbookdotsh,134,1790350691,45.0,252,12,18
2103509376602382624,cashbookdotsh,134,1790350691,75.6,331,14,21
2103509376602382624,cashbookdotsh,134,1790350691,106.1,374,14,21
2103509376602382624,cashbookdotsh,134,1790350691,136.6,400,15,22
2103509376602382624,cashbookdotsh,134,1790350691,167.2,425,16,22
2103509376602382624,cashbookdotsh,134,1790350691,198.6,447,16,24
2103509376602382624,cashbookdotsh,134,1790350691,229.0,463,16,24
2103509376602382624,cashbookdotsh,134,1790350691,259.5,476,16,24
2103509376602382624,cashbookdotsh,134,1790350691,289.9,500,16,25
2103509376602382624,cashbookdotsh,134,1790350691,320.3,516,16,25
2103509376602382624,cashbookdotsh,134,1790350691,350.8,549,17,25
2103509376602382624,cashbookdotsh,134,1790350691,381.3,577,17,26
2103509376602382624,cashbookdotsh,134,1790350691,411.8,596,17,26
2103509376602382624,cashbookdotsh,134,1790350691,442.2,609,17,27
2103509376602382624,cashbookdotsh,134,1790350691,472.7,621,17,27
2103509376602382624,cashbookdotsh,134,1790350691,503.3,633,17,27
2103509102559178775,Of_web33,45671,1790350626,15.6,295,2,2
2103509102559178775,Of_web33,45671,1790350626,46.1,348,3,4
2103509102559178775,Of_web33,45671,1790350626,76.7,362,3,4
2103509102559178775,Of_web33,45671,1790350626,107.2,382,3,4
2103509102559178775,Of_web33,45671,1790350626,137.7,392,3,4
2103509102559178775,Of_web33,45671,1790350626,168.2,414,4,6
2103509102559178775,Of_web33,45671,1790350626,199.7,428,4,6
2103509102559178775,Of_web33,45671,1790350626,230.0,437,4,6
2103509102559178775,Of_web33,45671,1790350626,260.6,445,4,6
2103509102559178775,Of_web33,45671,1790350626,291.0,465,4,6
2103509102559178775,Of_web33,45671,1790350626,321.4,472,4,6
2103509102559178775,Of_web33,45671,1790350626,351.8,479,4,6
2103509102559178775,Of_web33,45671,1790350626,382.3,482,4,6
2103509102559178775,Of_web33,45671,1790350626,412.8,485,4,6
2103509102559178775,Of_web33,45671,1790350626,443.3,490,4,6
2103509102559178775,Of_web33,45671,1790350626,473.8,493,4,6
2103509102559178775,Of_web33,45671,1790350626,504.3,495,4,6
2103509065611821270,openservai,23413,1790350617,15.8,738,2,28
2103509065611821270,openservai,23413,1790350617,46.3,1108,3,51
2103509065611821270,openservai,23413,1790350617,76.8,1333,5,74
2103509065611821270,openservai,23413,1790350617,107.3,1581,6,84
2103509065611821270,openservai,23413,1790350617,137.8,1931,6,90
2103509065611821270,openservai,23413,1790350617,168.4,2326,6,93
2103509065611821270,openservai,23413,1790350617,199.8,2597,6,96
2103509065611821270,openservai,23413,1790350617,230.2,2785,6,101
2103509065611821270,openservai,23413,1790350617,260.8,2989,6,104
2103509065611821270,openservai,23413,1790350617,291.2,3221,6,104
2103509065611821270,openservai,23413,1790350617,321.6,3471,6,109
2103509065611821270,openservai,23413,1790350617,352.0,3668,6,111
2103509065611821270,openservai,23413,1790350617,382.5,3815,6,112
2103509065611821270,openservai,23413,1790350617,413.0,3939,6,114
2103509065611821270,openservai,23413,1790350617,443.5,4028,6,116
2103509065611821270,openservai,23413,1790350617,473.9,4135,6,118
2103509065611821270,openservai,23413,1790350617,504.5,4240,6,118
2103508949182066864,AgentwareMarket,205,1790350589,16.2,57,0,2
2103508949182066864,AgentwareMarket,205,1790350589,46.7,107,0,2
2103508949182066864,AgentwareMarket,205,1790350589,77.3,150,0,3
2103508949182066864,AgentwareMarket,205,1790350589,107.8,183,0,5
2103508949182066864,AgentwareMarket,205,1790350589,138.3,196,0,5
2103508949182066864,AgentwareMarket,205,1790350589,168.9,205,0,6
2103508949182066864,AgentwareMarket,205,1790350589,200.3,217,0,7
2103508949182066864,AgentwareMarket,205,1790350589,230.7,235,0,7
2103508949182066864,AgentwareMarket,205,1790350589,261.2,255,1,7
2103508949182066864,AgentwareMarket,205,1790350589,291.6,261,0,7
2103508949182066864,AgentwareMarket,205,1790350589,322.0,266,0,7
2103508949182066864,AgentwareMarket,205,1790350589,352.5,294,2,10
2103508949182066864,AgentwareMarket,205,1790350589,383.0,330,3,12
2103508949182066864,AgentwareMarket,205,1790350589,413.5,335,3,11
2103508949182066864,AgentwareMarket,205,1790350589,443.9,347,3,12
2103508949182066864,AgentwareMarket,205,1790350589,474.4,357,3,12
2103508949182066864,AgentwareMarket,205,1790350589,505.0,368,3,12
2103507556476100965,AtSynct,465,1790350257,21.8,17,2,2
2103507556476100965,AtSynct,465,1790350257,52.3,32,3,4
2103507556476100965,AtSynct,465,1790350257,82.8,37,3,4
2103507556476100965,AtSynct,465,1790350257,113.3,48,3,5
2103507556476100965,AtSynct,465,1790350257,143.8,54,3,5
2103507556476100965,AtSynct,465,1790350257,174.4,56,3,6
2103507556476100965,AtSynct,465,1790350257,205.8,59,3,6
2103507556476100965,AtSynct,465,1790350257,236.2,61,3,6
2103507556476100965,AtSynct,465,1790350257,266.8,63,3,6
2103507556476100965,AtSynct,465,1790350257,297.2,63,3,6
2103507556476100965,AtSynct,465,1790350257,327.6,65,3,6
2103507556476100965,AtSynct,465,1790350257,358.0,71,3,6
2103507556476100965,AtSynct,465,1790350257,388.5,73,3,7
2103507556476100965,AtSynct,465,1790350257,419.0,73,3,7
2103507556476100965,AtSynct,465,1790350257,449.5,75,3,7
2103507556476100965,AtSynct,465,1790350257,479.9,78,3,7
2103507556476100965,AtSynct,465,1790350257,510.5,80,3,7
2103512351341236468,Benzinga,343780,1790351400,2.7,1219,1,2
2103512351341236468,Benzinga,343780,1790351400,33.2,2536,1,2
2103512351341236468,Benzinga,343780,1790351400,63.8,2970,1,2
2103512351341236468,Benzinga,343780,1790351400,94.3,3203,1,2
2103512351341236468,Benzinga,343780,1790351400,124.8,3388,1,2
2103512351341236468,Benzinga,343780,1790351400,155.3,3526,1,2
2103512351341236468,Benzinga,343780,1790351400,186.8,3648,1,2
2103512351341236468,Benzinga,343780,1790351400,217.1,3745,1,2
2103512351341236468,Benzinga,343780,1790351400,247.7,3835,1,2
2103512351341236468,Benzinga,343780,1790351400,278.1,3933,1,2
2103512351341236468,Benzinga,343780,1790351400,308.5,4017,1,2
2103512351341236468,Benzinga,343780,1790351400,338.9,4166,1,2
2103512351341236468,Benzinga,343780,1790351400,369.4,4299,1,2
2103512351341236468,Benzinga,343780,1790351400,399.9,4417,1,3
2103512351341236468,Benzinga,343780,1790351400,430.4,4507,1,3
2103512351341236468,Benzinga,343780,1790351400,460.9,4588,1,3
2103512351341236468,Benzinga,343780,1790351400,491.4,4661,1,3
2103508672106188846,firstadopter,106564,1790350523,17.3,4633,5,23
2103508672106188846,firstadopter,106564,1790350523,47.8,13426,12,72
2103508672106188846,firstadopter,106564,1790350523,78.4,23281,20,105
2103508672106188846,firstadopter,106564,1790350523,108.9,31144,22,132
2103508672106188846,firstadopter,106564,1790350523,139.4,36549,24,157
2103508672106188846,firstadopter,106564,1790350523,170.0,40297,27,172
2103508672106188846,firstadopter,106564,1790350523,201.4,43239,27,180
2103508672106188846,firstadopter,106564,1790350523,231.8,46563,31,186
2103508672106188846,firstadopter,106564,1790350523,262.3,49248,32,197
2103508672106188846,firstadopter,106564,1790350523,292.7,54752,36,225
2103508672106188846,firstadopter,106564,1790350523,323.1,58466,37,231
2103508672106188846,firstadopter,106564,1790350523,353.6,61507,37,242
2103508672106188846,firstadopter,106564,1790350523,384.1,64210,38,247
2103508672106188846,firstadopter,106564,1790350523,414.6,66184,40,256
2103508672106188846,firstadopter,106564,1790350523,445.0,67906,40,264
2103508672106188846,firstadopter,106564,1790350523,475.5,69488,41,269
2103508672106188846,firstadopter,106564,1790350523,506.1,71158,41,276
2103508343797194813,AskMichaelTaiwo,90651,1790350445,18.6,1817,0,3
2103508343797194813,AskMichaelTaiwo,90651,1790350445,49.1,2214,0,5
2103508343797194813,AskMichaelTaiwo,90651,1790350445,79.7,2434,0,5
2103508343797194813,AskMichaelTaiwo,90651,1790350445,110.2,2592,0,5
2103508343797194813,AskMichaelTaiwo,90651,1790350445,140.7,2741,0,5
2103508343797194813,AskMichaelTaiwo,90651,1790350445,171.3,2902,0,5
2103508343797194813,AskMichaelTaiwo,90651,1790350445,202.7,3005,0,5
2103508343797194813,AskMichaelTaiwo,90651,1790350445,233.1,3104,0,5
2103508343797194813,AskMichaelTaiwo,90651,1790350445,263.6,3192,0,6
2103508343797194813,AskMichaelTaiwo,90651,1790350445,294.0,3263,0,6
2103508343797194813,AskMichaelTaiwo,90651,1790350445,324.4,3313,0,6
2103508343797194813,AskMichaelTaiwo,90651,1790350445,354.9,3367,0,6
2103508343797194813,AskMichaelTaiwo,90651,1790350445,385.4,3417,0,6
2103508343797194813,AskMichaelTaiwo,90651,1790350445,415.9,3457,0,6
2103508343797194813,AskMichaelTaiwo,90651,1790350445,446.3,3494,0,6
2103508343797194813,AskMichaelTaiwo,90651,1790350445,476.8,3522,0,6
2103508343797194813,AskMichaelTaiwo,90651,1790350445,507.4,3547,0,7
2103508158690058592,MilksandMatcha,31113,1790350400,19.4,1049,2,10
2103508158690058592,MilksandMatcha,31113,1790350400,49.9,2586,5,22
2103508158690058592,MilksandMatcha,31113,1790350400,80.4,5130,12,39
2103508158690058592,MilksandMatcha,31113,1790350400,110.9,11061,15,61
2103508158690058592,MilksandMatcha,31113,1790350400,141.5,20453,17,109
2103508158690058592,MilksandMatcha,31113,1790350400,172.0,32096,23,148
2103508158690058592,MilksandMatcha,31113,1790350400,203.4,41374,25,171
2103508158690058592,MilksandMatcha,31113,1790350400,233.8,51167,28,194
2103508158690058592,MilksandMatcha,31113,1790350400,264.4,60766,30,214
2103508158690058592,MilksandMatcha,31113,1790350400,294.8,69120,33,232
2103508158690058592,MilksandMatcha,31113,1790350400,325.2,75623,33,240
2103508158690058592,MilksandMatcha,31113,1790350400,355.6,79978,35,251
2103508158690058592,MilksandMatcha,31113,1790350400,386.1,85089,39,271
2103508158690058592,MilksandMatcha,31113,1790350400,416.6,89300,40,282
2103508158690058592,MilksandMatcha,31113,1790350400,447.1,92831,40,297
2103508158690058592,MilksandMatcha,31113,1790350400,477.5,96522,42,307
2103508158690058592,MilksandMatcha,31113,1790350400,508.1,101496,42,316
2103505249344409999,MikeLongTerm,27557,1790349707,30.9,1230,3,11
2103505249344409999,MikeLongTerm,27557,1790349707,61.4,1717,3,18
2103505249344409999,MikeLongTerm,27557,1790349707,92.0,2057,4,23
2103505249344409999,MikeLongTerm,27557,1790349707,122.5,2381,4,26
2103505249344409999,MikeLongTerm,27557,1790349707,153.0,2913,4,32
2103505249344409999,MikeLongTerm,27557,1790349707,183.6,3454,4,36
2103505249344409999,MikeLongTerm,27557,1790349707,215.0,4012,4,38
2103505249344409999,MikeLongTerm,27557,1790349707,245.4,4924,4,40
2103505249344409999,MikeLongTerm,27557,1790349707,275.9,5525,4,46
2103505249344409999,MikeLongTerm,27557,1790349707,306.3,6051,4,52
2103505249344409999,MikeLongTerm,27557,1790349707,336.7,6644,5,53
2103505249344409999,MikeLongTerm,27557,1790349707,367.2,7038,5,56
2103505249344409999,MikeLongTerm,27557,1790349707,397.7,7396,5,60
2103505249344409999,MikeLongTerm,27557,1790349707,428.2,7810,5,62
2103505249344409999,MikeLongTerm,27557,1790349707,458.6,8212,5,65
2103505249344409999,MikeLongTerm,27557,1790349707,489.1,8610,5,67
2103505249344409999,MikeLongTerm,27557,1790349707,519.7,9094,5,74
2103504800071758038,TheSonOfWalkley,52667,1790349600,32.7,1928,1,28
2103504800071758038,TheSonOfWalkley,52667,1790349600,63.2,2879,3,44
2103504800071758038,TheSonOfWalkley,52667,1790349600,93.8,3349,3,51
2103504800071758038,TheSonOfWalkley,52667,1790349600,124.3,3740,4,61
2103504800071758038,TheSonOfWalkley,52667,1790349600,154.8,4040,4,71
2103504800071758038,TheSonOfWalkley,52667,1790349600,185.3,4324,4,78
2103504800071758038,TheSonOfWalkley,52667,1790349600,216.8,4572,4,86
2103504800071758038,TheSonOfWalkley,52667,1790349600,247.1,4778,4,90
2103504800071758038,TheSonOfWalkley,52667,1790349600,277.7,4991,5,93
2103504800071758038,TheSonOfWalkley,52667,1790349600,308.1,5145,5,97
2103504800071758038,TheSonOfWalkley,52667,1790349600,338.5,5272,5,102
2103504800071758038,TheSonOfWalkley,52667,1790349600,368.9,5433,5,106
2103504800071758038,TheSonOfWalkley,52667,1790349600,399.4,5537,5,107
2103504800071758038,TheSonOfWalkley,52667,1790349600,429.9,5633,5,108
2103504800071758038,TheSonOfWalkley,52667,1790349600,460.4,5726,5,114
2103504800071758038,TheSonOfWalkley,52667,1790349600,490.9,5837,5,116
2103504800071758038,TheSonOfWalkley,52667,1790349600,521.4,5926,5,119
2103504279600513146,MythsLabs,5057,1790349476,34.8,74,2,3
2103504279600513146,MythsLabs,5057,1790349476,65.3,86,2,3
2103504279600513146,MythsLabs,5057,1790349476,95.8,92,2,4
2103504279600513146,MythsLabs,5057,1790349476,126.3,93,2,4
2103504279600513146,MythsLabs,5057,1790349476,156.9,95,2,4
2103504279600513146,MythsLabs,5057,1790349476,187.4,95,2,4
2103504279600513146,MythsLabs,5057,1790349476,218.8,96,2,4
2103504279600513146,MythsLabs,5057,1790349476,249.2,97,2,4
2103504279600513146,MythsLabs,5057,1790349476,279.8,97,2,4
2103504279600513146,MythsLabs,5057,1790349476,310.2,97,2,4
2103504279600513146,MythsLabs,5057,1790349476,340.6,97,2,4
2103504279600513146,MythsLabs,5057,1790349476,371.0,97,2,4
2103504279600513146,MythsLabs,5057,1790349476,401.5,97,2,4
2103504279600513146,MythsLabs,5057,1790349476,432.0,98,2,4
2103504279600513146,MythsLabs,5057,1790349476,462.5,98,2,4
2103504279600513146,MythsLabs,5057,1790349476,492.9,100,2,4
2103504279600513146,MythsLabs,5057,1790349476,523.5,100,2,4
2103504189909610992,StockSavvyShay,452688,1790349454,35.1,15969,9,43
2103504189909610992,StockSavvyShay,452688,1790349454,65.7,19882,9,50
2103504189909610992,StockSavvyShay,452688,1790349454,96.2,21919,9,52
2103504189909610992,StockSavvyShay,452688,1790349454,126.7,24573,9,54
2103504189909610992,StockSavvyShay,452688,1790349454,157.2,26327,9,57
2103504189909610992,StockSavvyShay,452688,1790349454,187.8,27621,9,56
2103504189909610992,StockSavvyShay,452688,1790349454,219.2,28567,9,58
2103504189909610992,StockSavvyShay,452688,1790349454,249.6,29281,9,59
2103504189909610992,StockSavvyShay,452688,1790349454,280.1,29948,9,60
2103504189909610992,StockSavvyShay,452688,1790349454,310.6,30488,9,61
2103504189909610992,StockSavvyShay,452688,1790349454,341.0,30947,9,62
2103504189909610992,StockSavvyShay,452688,1790349454,371.4,31337,9,63
2103504189909610992,StockSavvyShay,452688,1790349454,401.9,31661,9,63
2103504189909610992,StockSavvyShay,452688,1790349454,432.4,32031,9,64
2103504189909610992,StockSavvyShay,452688,1790349454,462.9,32281,9,64
2103504189909610992,StockSavvyShay,452688,1790349454,493.3,32586,9,65
2103504189909610992,StockSavvyShay,452688,1790349454,523.9,32832,9,66
2103506109156016465,vansh22b,1487,1790349912,27.5,22,0,2
2103506109156016465,vansh22b,1487,1790349912,58.0,44,0,3
2103506109156016465,vansh22b,1487,1790349912,88.6,78,1,3
2103506109156016465,vansh22b,1487,1790349912,119.1,96,1,3
2103506109156016465,vansh22b,1487,1790349912,149.6,99,1,3
2103506109156016465,vansh22b,1487,1790349912,180.1,115,1,3
2103506109156016465,vansh22b,1487,1790349912,211.6,131,1,3
2103506109156016465,vansh22b,1487,1790349912,241.9,135,1,3
2103506109156016465,vansh22b,1487,1790349912,272.5,141,1,3
2103506109156016465,vansh22b,1487,1790349912,302.9,145,1,3
2103506109156016465,vansh22b,1487,1790349912,333.3,148,1,3
2103506109156016465,vansh22b,1487,1790349912,363.7,150,1,3
2103506109156016465,vansh22b,1487,1790349912,394.2,151,1,3
2103506109156016465,vansh22b,1487,1790349912,424.7,151,1,3
2103506109156016465,vansh22b,1487,1790349912,455.2,155,1,3
2103506109156016465,vansh22b,1487,1790349912,485.7,157,1,3
2103506109156016465,vansh22b,1487,1790349912,516.2,159,1,3
2103505110634561546,fuckgrowth,3128,1790349674,31.5,194,0,7
2103505110634561546,fuckgrowth,3128,1790349674,62.0,372,0,8
2103505110634561546,fuckgrowth,3128,1790349674,92.5,511,0,14
2103505110634561546,fuckgrowth,3128,1790349674,123.0,638,0,15
2103505110634561546,fuckgrowth,3128,1790349674,153.6,703,0,15
2103505110634561546,fuckgrowth,3128,1790349674,184.1,756,0,16
2103505110634561546,fuckgrowth,3128,1790349674,215.5,795,0,16
2103505110634561546,fuckgrowth,3128,1790349674,245.9,845,0,18
2103505110634561546,fuckgrowth,3128,1790349674,276.5,894,0,19
2103505110634561546,fuckgrowth,3128,1790349674,306.9,964,0,20
2103505110634561546,fuckgrowth,3128,1790349674,337.3,1026,0,20
2103505110634561546,fuckgrowth,3128,1790349674,367.7,1072,0,20
2103505110634561546,fuckgrowth,3128,1790349674,398.2,1160,0,24
2103505110634561546,fuckgrowth,3128,1790349674,428.7,1312,0,27
2103505110634561546,fuckgrowth,3128,1790349674,459.2,1555,0,29
2103505110634561546,fuckgrowth,3128,1790349674,489.6,1915,0,33
2103505110634561546,fuckgrowth,3128,1790349674,520.2,2317,0,34
2103503828368961713,ilyanovohatskyi,4460,1790349368,36.6,30,1,2
2103503828368961713,ilyanovohatskyi,4460,1790349368,67.1,57,1,4
2103503828368961713,ilyanovohatskyi,4460,1790349368,97.6,86,1,4
2103503828368961713,ilyanovohatskyi,4460,1790349368,128.1,113,1,5
2103503828368961713,ilyanovohatskyi,4460,1790349368,158.7,132,1,6
2103503828368961713,ilyanovohatskyi,4460,1790349368,189.2,171,1,6
2103503828368961713,ilyanovohatskyi,4460,1790349368,220.6,228,2,6
2103503828368961713,ilyanovohatskyi,4460,1790349368,251.0,319,2,8
2103503828368961713,ilyanovohatskyi,4460,1790349368,281.6,466,2,9
2103503828368961713,ilyanovohatskyi,4460,1790349368,312.0,577,2,10
2103503828368961713,ilyanovohatskyi,4460,1790349368,342.4,730,2,11
2103503828368961713,ilyanovohatskyi,4460,1790349368,372.8,892,2,11
2103503828368961713,ilyanovohatskyi,4460,1790349368,403.3,1023,2,11
2103503828368961713,ilyanovohatskyi,4460,1790349368,433.8,1159,2,11
2103503828368961713,ilyanovohatskyi,4460,1790349368,464.3,1228,2,12
2103503828368961713,ilyanovohatskyi,4460,1790349368,494.7,1329,2,13
2103503828368961713,ilyanovohatskyi,4460,1790349368,525.3,1447,4,14
2103505125054538223,realwxforecast,9183,1790349677,31.4,3109,1,16
2103505125054538223,realwxforecast,9183,1790349677,61.9,6135,2,31
2103505125054538223,realwxforecast,9183,1790349677,92.5,8257,2,36
2103505125054538223,realwxforecast,9183,1790349677,123.0,10027,2,38
2103505125054538223,realwxforecast,9183,1790349677,153.5,11876,3,44
2103505125054538223,realwxforecast,9183,1790349677,184.1,13728,5,48
2103505125054538223,realwxforecast,9183,1790349677,215.5,15325,6,52
2103505125054538223,realwxforecast,9183,1790349677,245.9,16459,6,55
2103505125054538223,realwxforecast,9183,1790349677,276.4,17510,7,58
2103505125054538223,realwxforecast,9183,1790349677,306.8,18383,7,59
2103505125054538223,realwxforecast,9183,1790349677,337.2,19176,8,61
2103505125054538223,realwxforecast,9183,1790349677,367.7,19855,8,62
2103505125054538223,realwxforecast,9183,1790349677,398.2,20509,8,62
2103505125054538223,realwxforecast,9183,1790349677,428.7,21034,9,62
2103505125054538223,realwxforecast,9183,1790349677,459.1,21571,9,64
2103505125054538223,realwxforecast,9183,1790349677,489.6,22007,9,64
2103505125054538223,realwxforecast,9183,1790349677,520.2,22402,9,66
2103504154974990359,Alfred3o3,295,1790349446,35.3,31,0,2
2103504154974990359,Alfred3o3,295,1790349446,65.8,47,0,2
2103504154974990359,Alfred3o3,295,1790349446,96.3,56,0,2
2103504154974990359,Alfred3o3,295,1790349446,126.8,61,0,2
2103504154974990359,Alfred3o3,295,1790349446,157.4,65,0,2
2103504154974990359,Alfred3o3,295,1790349446,187.9,67,0,2
2103504154974990359,Alfred3o3,295,1790349446,219.3,67,0,2
2103504154974990359,Alfred3o3,295,1790349446,249.7,67,0,2
2103504154974990359,Alfred3o3,295,1790349446,280.3,67,0,2
2103504154974990359,Alfred3o3,295,1790349446,310.7,67,0,2
2103504154974990359,Alfred3o3,295,1790349446,341.1,67,0,2
2103504154974990359,Alfred3o3,295,1790349446,371.5,68,0,2
2103504154974990359,Alfred3o3,295,1790349446,402.0,68,0,2
2103504154974990359,Alfred3o3,295,1790349446,432.5,68,0,2
2103504154974990359,Alfred3o3,295,1790349446,463.0,69,0,2
2103504154974990359,Alfred3o3,295,1790349446,493.4,69,0,2
2103504154974990359,Alfred3o3,295,1790349446,524.0,69,0,2
2103520032617636053,iruletheworldmo,116537,1790353231,2.7,754,0,9
2103520032617636053,iruletheworldmo,116537,1790353231,33.3,3297,5,78
2103520032617636053,iruletheworldmo,116537,1790353231,63.7,6076,11,165
2103520032617636053,iruletheworldmo,116537,1790353231,94.3,7524,12,208
2103520032617636053,iruletheworldmo,116537,1790353231,124.8,8600,12,238
2103520032617636053,iruletheworldmo,116537,1790353231,156.2,9754,13,278
2103520032617636053,iruletheworldmo,116537,1790353231,186.6,10811,13,314
2103520032617636053,iruletheworldmo,116537,1790353231,217.2,11931,13,356
2103520032617636053,iruletheworldmo,116537,1790353231,247.6,12864,14,385
2103520032617636053,iruletheworldmo,116537,1790353231,278.0,13773,15,414
2103520032617636053,iruletheworldmo,116537,1790353231,308.4,14678,16,430
2103520032617636053,iruletheworldmo,116537,1790353231,338.9,15224,16,445
2103520032617636053,iruletheworldmo,116537,1790353231,369.4,15713,16,450
2103520032617636053,iruletheworldmo,116537,1790353231,399.9,16103,16,460
2103520032617636053,iruletheworldmo,116537,1790353231,430.3,16472,16,474
2103520032617636053,iruletheworldmo,116537,1790353231,460.9,16781,17,480
2103519439639793885,higgsfield_ai,237043,1790353090,5.1,2829,0,10
2103519439639793885,higgsfield_ai,237043,1790353090,35.6,4427,2,22
2103519439639793885,higgsfield_ai,237043,1790353090,66.1,4906,2,22
2103519439639793885,higgsfield_ai,237043,1790353090,96.6,5302,2,25
2103519439639793885,higgsfield_ai,237043,1790353090,127.2,5626,2,28
2103519439639793885,higgsfield_ai,237043,1790353090,158.6,5967,2,29
2103519439639793885,higgsfield_ai,237043,1790353090,189.0,6265,2,32
2103519439639793885,higgsfield_ai,237043,1790353090,219.5,6561,2,33
2103519439639793885,higgsfield_ai,237043,1790353090,250.0,6830,2,36
2103519439639793885,higgsfield_ai,237043,1790353090,280.4,7018,2,39
2103519439639793885,higgsfield_ai,237043,1790353090,310.8,7195,2,41
2103519439639793885,higgsfield_ai,237043,1790353090,341.3,7348,2,41
2103519439639793885,higgsfield_ai,237043,1790353090,371.8,7524,2,43
2103519439639793885,higgsfield_ai,237043,1790353090,402.3,7681,3,45
2103519439639793885,higgsfield_ai,237043,1790353090,432.7,7826,3,46
2103519439639793885,higgsfield_ai,237043,1790353090,463.3,7978,3,49
2103519324531298783,higgsfield_ai,237043,1790353063,5.5,2697,2,8
2103519324531298783,higgsfield_ai,237043,1790353063,36.1,3862,2,15
2103519324531298783,higgsfield_ai,237043,1790353063,66.5,4362,2,16
2103519324531298783,higgsfield_ai,237043,1790353063,97.1,4681,2,18
2103519324531298783,higgsfield_ai,237043,1790353063,127.6,5026,2,20
2103519324531298783,higgsfield_ai,237043,1790353063,159.0,5263,2,23
2103519324531298783,higgsfield_ai,237043,1790353063,189.4,5505,2,25
2103519324531298783,higgsfield_ai,237043,1790353063,220.0,5724,2,26
2103519324531298783,higgsfield_ai,237043,1790353063,250.4,5910,2,26
2103519324531298783,higgsfield_ai,237043,1790353063,280.8,6102,2,27
2103519324531298783,higgsfield_ai,237043,1790353063,311.2,6280,2,27
2103519324531298783,higgsfield_ai,237043,1790353063,341.7,6411,2,29
2103519324531298783,higgsfield_ai,237043,1790353063,372.2,6525,2,31
2103519324531298783,higgsfield_ai,237043,1790353063,402.7,6626,3,32
2103519324531298783,higgsfield_ai,237043,1790353063,433.1,6708,3,32
2103519324531298783,higgsfield_ai,237043,1790353063,463.7,6790,3,33
2103518529987469734,higgsfield_ai,237043,1790352873,8.7,3183,3,9
2103518529987469734,higgsfield_ai,237043,1790352873,39.2,4803,5,23
2103518529987469734,higgsfield_ai,237043,1790352873,69.7,5863,6,29
2103518529987469734,higgsfield_ai,237043,1790352873,100.2,6566,7,35
2103518529987469734,higgsfield_ai,237043,1790352873,130.8,7260,8,43
2103518529987469734,higgsfield_ai,237043,1790352873,162.2,8155,8,57
2103518529987469734,higgsfield_ai,237043,1790352873,192.6,8869,8,66
2103518529987469734,higgsfield_ai,237043,1790352873,223.2,9319,8,72
2103518529987469734,higgsfield_ai,237043,1790352873,253.6,9697,8,78
2103518529987469734,higgsfield_ai,237043,1790352873,284.0,10104,8,84
2103518529987469734,higgsfield_ai,237043,1790352873,314.4,10553,8,89
2103518529987469734,higgsfield_ai,237043,1790352873,344.9,10910,8,97
2103518529987469734,higgsfield_ai,237043,1790352873,375.4,11173,8,101
2103518529987469734,higgsfield_ai,237043,1790352873,405.9,11500,9,106
2103518529987469734,higgsfield_ai,237043,1790352873,436.3,11834,9,111
2103518529987469734,higgsfield_ai,237043,1790352873,466.9,12121,9,115
