reply_id,day,reply_views,parent_id,parent_author,parent_author_followers,parent_age_min_at_reply,parent_final_views,parent_final_replies,parent_final_likes,parent_is_comment
2102328416314011814,2026-09-22,17,2102254445082116335,thsottiaux,736550,293.9,5721776,5586,28038,False
2102328562812621078,2026-09-22,4455,2102050395027599752,ProfitableMan1,45705,1105.3,7215758,369,37894,False
2102328715988636134,2026-09-22,2151,2101627891721371971,anshnanda,11584,2784.8,1227048,83,5539,False
2102329139470762027,2026-09-22,45,2102033523431584094,yongfook,172200,1174.7,118052,95,223,False
2102329313542692959,2026-09-22,4,2102133262965498317,moiiikaaa,919,779.0,20609,285,97,False
2102329465716297900,2026-09-22,132,2102211256975565095,theo,391618,469.7,247937,285,6003,False
2102329753927889208,2026-09-22,18,2102326246461821334,APompliano,2411804,13.9,75832,48,487,False
2102329843006550364,2026-09-22,157,2102259624313549130,theo,391618,279.0,507634,273,4078,False
2102329944227586445,2026-09-22,11,2102131753511260267,craigweiss,56502,787.5,21212,84,1169,False
2102331034864058483,2026-09-22,117,2102196428861059092,pcshipp,12394,534.9,83445,83,174,False
2102331252871504051,2026-09-22,9,2101833850426982834,yacineMTB,404795,1976.5,197267,150,2206,False
2102337727383625947,2026-09-22,4,2102026011013718339,prasenx,22592,1238.7,33008,225,262,False
2102339035058647252,2026-09-22,63,2102223200755019786,samsheffer,69078,460.3,17689,38,451,False
2102339158295584872,2026-09-22,9,2102186805034635576,trq212,354541,605.4,242176,196,3064,False
2102339519286767694,2026-09-22,84,2102172270085193896,rezoundous,10390,664.6,22249,39,147,False
2102339593785966717,2026-09-22,10,2102110761912860996,BabaDev_,2237,909.3,10229,188,104,False
2102339691676844542,2026-09-22,101,2102136036486754731,lassejv,1554,809.2,27217,36,198,False
2102339763172999510,2026-09-22,30,2102191458987987098,MatthewParrott,6657,589.3,45924,51,626,False
2102342541060546826,2026-09-22,8,2102080257524392192,argofowl,6540,1042.2,24978,43,250,False
2102342651668545582,2026-09-22,13,2102065322669023564,danellisona,5872,1102.0,44741,550,785,False
2102342721008775598,2026-09-22,57,2102295568613507347,BrianMRey,2864,187.4,145408,34,155,False
2102342777128501324,2026-09-22,11,2102314639220789397,codingdeerr,2,111.8,2744,1,36,True
2102343014303813657,2026-09-22,65,2102190708019097700,danielkhunter,1800,605.2,62420,3,181,True
2102343072797659534,2026-09-22,6,2102226762167910786,rileybrown,247584,462.2,95419,156,426,False
2102371925934903541,2026-09-22,4,2102351796761133538,matthewmillerai,21359,80.0,24469,23,234,False
2102375495459541495,2026-09-22,6,2102089736609562762,AI_Screening,355,1135.5,3748,4,78,False
2102375552640503989,2026-09-22,5,2102093248818991137,craigweiss,56500,1121.8,67943,84,1195,False
2102375612187082818,2026-09-22,15,2102182778016248219,DavidOndrej1,70304,766.2,12443,24,151,False
2102375719548698865,2026-09-22,7,2102144335697547512,kamilbaranek_,2235,919.4,6577,107,57,False
2102375755036717518,2026-09-22,11,2102059028071281020,rezoundous,10390,1258.5,69930,29,120,False
2102376043852218713,2026-09-22,5,2101948042165297590,kamilbaranek_,2235,1700.7,5701,103,63,False
2102392291956801719,2026-09-22,19,2102295330431857052,kamilbaranek_,2235,385.3,6324,98,69,False
2102392389595975995,2026-09-22,9,2102299707855032704,kamilbaranek_,2235,368.3,279,3,2,True
2102392897006129161,2026-09-22,13,2102254058803507677,TTrimoreau,14513,551.7,8587,111,82,False
2102392942791205356,2026-09-22,6,2102367557206389051,danellisona,5872,100.9,9092,164,159,False
2102459193571897448,2026-09-22,9,2102437686967738431,trq212,354513,85.5,674764,769,12148,False
2102459323511419295,2026-09-22,21,2102439244887453825,notch,3252112,79.8,2535995,1085,30675,False
2102459420529881396,2026-09-22,13,2102432368158245252,nikitabier,1338214,107.5,1786483,1197,13192,False
2102459492550291663,2026-09-22,10,2102411467186401411,alexandr_wang,732751,190.8,2034099,746,21968,False
2102459687614710048,2026-09-22,6,2102445799242174515,Sanguiloop,9,55.2,382,1,0,True
2102460302537499121,2026-09-22,3161,2102443721039999443,charliermarsh,51059,65.9,300827,231,2258,False
2102460350482550827,2026-09-22,77,2102457082289205550,tana_shahh,13,13.0,2493,1,0,True
2102460367423349246,2026-09-22,125,2102452902476530050,HarshithLucky3,3931,29.7,4650,1,33,True
2102460407613125026,2026-09-22,32,2102457518387785864,Miki__Yoshi,296,11.5,1511,1,0,True
2102460448293687701,2026-09-22,564,2102451493261754592,naman10parikh,57,35.6,5627,2,3,True
2102460585896210630,2026-09-22,7,2102140879557554634,craigweiss,56502,1270.4,9724,36,387,False
2102460650190782635,2026-09-22,476,2102447341542298010,scottstts,3357,52.9,19184,15,765,False
2102461807902564590,2026-09-22,108,2102461453534212429,RogueKnight_dev,95,1.4,132,1,0,True
2102462339312456080,2026-09-22,15,2102424404584214870,alexandr_wang,732753,150.8,936540,520,3756,False
2102462396615074085,2026-09-22,600,2102446016016580766,amritwt,46856,65.1,22475,17,373,False
2102462449660342570,2026-09-22,40,2102447172105187745,aapakari,11500,60.7,1669,23,25,False
2102469017319723292,2026-09-22,11,2102454779226259773,JoyBoy_hl,1576,56.6,1773,2,2,True
2102469128842076272,2026-09-22,5,2102461145303208326,pruthvithinks,47,31.7,65,1,0,True
2102469218080006349,2026-09-22,13,2102436416437580159,addyosmani,423562,130.3,412310,108,1978,False
2102469316591734843,2026-09-22,16,2102465196514300061,theo,391618,16.4,244550,298,6004,False
2102469582787416405,2026-09-22,5708,2102456113388212432,dhruvtwt_,7423,53.5,453924,68,2847,False
2102470825593159706,2026-09-22,92,2102470526275129511,dhruvtwt_,7423,1.2,5439,2,6,True
2102472060744470570,2026-09-22,14,2102307410731839793,theofinr,856,654.2,2481,52,75,False
2102473211166457962,2026-09-22,423,2102470526275129511,dhruvtwt_,7423,10.7,5439,2,6,True
2102504215260356872,2026-09-22,139,2102500582997324279,peterWscream,88,14.4,180,1,2,True
2102504347284488592,2026-09-22,9,2102261611742302348,danellisona,5872,964.5,11257,231,159,False
2102504410593292288,2026-09-22,84,2102317502806348014,SakshiSugandhi,4104,742.7,56061,124,1538,False
2102504647487623221,2026-09-22,23,2102489320766800002,amasad,493069,60.9,145912,127,1223,False
2102504727087079894,2026-09-22,11083,2102286774135656722,neppy,90427,866.1,1120996,247,8305,False
2102662790842556867,2026-09-23,5,2102590017424314433,JoyBoy_hl,1576,289.2,30,1,2,True
2102679592481980619,2026-09-23,14,2102661745047162943,TTrimoreau,14513,70.9,797,21,24,False
2102679674090614838,2026-09-23,15,2102635320777097332,TTrimoreau,14513,176.2,871,11,11,False
2102679738213114253,2026-09-23,126,2102536922451103931,kamilbaranek_,2235,567.5,11069,167,57,False
2102679780693049560,2026-09-23,13,2102654334832189623,hellboy4uqc,9,101.1,453,3,1,True
2102679899387645976,2026-09-23,9,2102101425719238862,ohthatsnev,381,2298.7,222,2,2,True
2102679949849264589,2026-09-23,13,2102447802072895544,userrinthia,423,922.5,45,1,2,True
2102680133207519578,2026-09-23,10,2102568796137603275,nikitabier,1338218,442.4,134167,267,2954,False
2102680167634346364,2026-09-23,8,2102663271035637763,launch_llama,3570,67.1,3679,98,184,False
2102680213452919290,2026-09-23,63,2102341765743391181,araseb_,5340,1344.9,27619,377,208,False
2102680249859473886,2026-09-23,13,2102603695150293216,RyanRRs,418,304.2,419,2,16,True
2102680331908497810,2026-09-23,7,2102499557854880133,madonna_matt,800,718.3,159,2,1,True
2102680360203256119,2026-09-23,7,2102617671992844483,DavidKPaul,2,249.1,42,2,0,True
2102680397486473250,2026-09-23,4,2102675669188853886,ischanan,277,18.8,37,1,0,True
2102680449877451263,2026-09-23,37,2102575829888717273,AdoredTV,10212,415.7,939,4,18,True
2102680533574771026,2026-09-23,7,2102349169696346550,bradshannon,3902,1316.7,309,2,4,True
2102680617930625098,2026-09-23,46,2102537713672921554,Rasmic,37891,567.9,6831,25,233,False
2102680667142410376,2026-09-23,29,2102519306839814408,danellisona,5872,641.2,73683,1005,695,False
2102680727255179450,2026-09-23,66,2102656304791650760,maria_rcks,23235,97.0,10975,8,526,False
2102680786503860551,2026-09-23,11,2102481806134050920,gregisenberg,717191,790.7,120339,234,2194,False
2102680862886437022,2026-09-23,93,2102451326370320610,moiiikaaa,919,912.1,14808,119,251,False
2102680916955189253,2026-09-23,238,2102574590077939856,distributedkv,7246,422.5,241251,86,2643,False
2102681028527854037,2026-09-23,75,2102659751498875268,yongfook,172201,84.5,10470,61,104,False
2102681243896967321,2026-09-23,341,2102210098756198615,ayushunleashed,9889,1872.2,1884563,120,184262,False
2102681312058646765,2026-09-23,119,2102410173713400011,ayushunleashed,9889,1077.4,17729,2,123,True
2102681358011429020,2026-09-23,21,2102357603925762062,CubaseEnjoyer,26,1286.5,6998,2,2,True
2102681403167285481,2026-09-23,14,2102484176771719553,jigyasacreates,345,783.7,2074,2,2,True
2102681609795497986,2026-09-23,37,2102657718343684202,kamilbaranek_,2235,94.9,2617,47,41,False
2102681683627765814,2026-09-23,8,2102057765133041736,TTrimoreau,14513,2479.2,5398,103,62,False
2102681730687885709,2026-09-23,7,2102058569893830989,TTrimoreau,14513,2476.2,307,1,4,True
2102681923089023105,2026-09-23,7,2102138295732101401,TTrimoreau,14513,2160.2,3796,73,40,False
2102681949026595110,2026-09-23,7,2102111430379987187,TTrimoreau,14513,2267.0,6196,95,50,False
2102682066983039192,2026-09-23,176,2102511821529690604,skitzocat,8605,676.5,84031,777,1776,False
2102691249954468108,2026-09-23,36,2102681015789494390,maiiunreveled,2120,40.7,795,6,39,False
2102691327221911756,2026-09-23,47,2102670804685091050,danellisona,5872,81.5,63177,816,1287,False
2102691474022551690,2026-09-23,6,2102690850111103244,CiprianiRanieri,4152,2.5,30,1,0,True
2102691527487311959,2026-09-23,5,2102383441656660136,rishilautomate,81,1224.2,37,1,2,True
2102691581895868607,2026-09-23,5,2102358672072671597,mayuri_3015,2581,1322.8,52,1,1,True
2102691686002602310,2026-09-23,86,2102682688100413812,Sonderisfon,2540,35.8,2859,47,40,False
2102691760996855903,2026-09-23,13,2102436483156398175,DanielLockyer,72582,1014.4,11146,17,118,False
2102691785797677448,2026-09-23,18,2102281669747085802,TedPillows,319678,1629.7,203688,101,2458,False
2102691835764486247,2026-09-23,26,2102546994497786251,tetsuoai,241191,575.5,37710,118,809,False
2102691987497603156,2026-09-23,176,2102636548718223860,code_bytein,2761,220.3,17932,4,665,True
2102692104271192314,2026-09-23,7,2102457855899255276,naveenmio,302,930.8,1594,74,62,False
2102692386946367706,2026-09-23,31,2102667555487818070,Elchuzade,60,98.7,3589,3,25,True
2102692455208600048,2026-09-23,8,2102692226362900694,maiiunreveled,2120,0.9,68,2,1,True
2102692507834515895,2026-09-23,19,2102692226362900694,maiiunreveled,2120,1.1,68,2,1,True
2102692903462322647,2026-09-23,15,2102692082993295424,TechGuykunle,552,3.2,51,1,0,True
2102693188851192054,2026-09-23,10,2102689315910492644,PadraigOraghail,1009,15.4,63,1,2,True
2102693600475873650,2026-09-23,14,2102693093887619169,maiiunreveled,2120,2.0,38,1,1,True
2102693709951406332,2026-09-23,10,2102693126091776463,JakeRobinssup,8,2.3,31,1,1,True
2102694642236178510,2026-09-23,17,2102694469208252744,kamilbaranek_,2235,0.7,38,1,2,True
2102694833488081238,2026-09-23,14,2102694631880487344,TechGuykunle,552,0.8,36,1,1,True
2102694984302616581,2026-09-23,17,2102378703586312671,miracache,1254,1256.8,2861,113,78,False
2102695051457630616,2026-09-23,6,2102385986013421610,Ismail_VFED,150,1228.1,125,4,5,True
2102695573497450769,2026-09-23,41,2102612417389756803,neo_subhamoy,1909,330.4,1529,43,37,False
2102695907884204420,2026-09-23,11,2102437950999167255,Gaus450,1124,1025.0,3947,106,103,False
2102696843834732982,2026-09-23,9,2102696129724879143,maiiunreveled,2120,2.8,39,1,0,True
2102698009935159444,2026-09-23,32,2102430378573341005,Pksingh900,942,1063.5,1318,42,48,False
2102699627577577773,2026-09-23,16,2102422699054162295,thejohncinar,386,1100.4,6504,138,132,False
2102699988933640677,2026-09-23,499,2102694209027178930,rezoundous,10390,23.0,9033,18,274,False
2102700024182489512,2026-09-23,8,2102671987240013944,yusukelp,1775,111.4,2086,39,47,False
2102700720097288202,2026-09-23,19,2102531388951912907,matthias_mrc,2061,672.9,3193,51,39,False
2102701318569902453,2026-09-23,10,2102416288136196470,JavierForge,724,1132.6,5344,158,128,False
2102701701052723672,2026-09-23,22,2102502612000227620,SamVale29,966,791.1,938,24,14,False
2102702486725480833,2026-09-23,15,2102620197563539514,BasantSoli33398,1940,327.0,2550,55,42,False
2102702528081395886,2026-09-23,13,2102639102520942869,danellisona,5872,252.0,12609,234,171,False
2102702600059859105,2026-09-23,17,2102631885969269009,theamitnikhade,387,281.0,2100,57,46,False
2102702671690145857,2026-09-23,10,2102426473240068218,Goura_vk,900,1097.5,822,34,28,False
2102702725654053108,2026-09-23,32,2102642254204867021,sandip_dev_07,260,240.3,1740,69,53,False
2102702815051403727,2026-09-23,51,2102700984442946020,launch_llama,3569,7.3,2015,42,51,False
2102702892218261923,2026-09-23,17,2102669422368321943,ArdenBuilds,673,133.0,942,31,30,False
2102702990759207375,2026-09-23,11,2102687402360033619,delf002,4451,61.9,222,7,11,False
2102703111085433159,2026-09-23,7,2102397755759133135,adhamuxi,8448,1213.4,1850,21,23,False
2102703245286420958,2026-09-23,87,2102702567172272585,aapakari,11500,2.7,170,1,1,True
2102703440866717757,2026-09-23,22,2102646130345668636,OmNawale45831,810,227.7,1790,67,62,False
2102703485439676906,2026-09-23,58,2102703017174679666,kamilbaranek_,2235,1.9,2057,37,24,False
2102703515953156202,2026-09-23,15,2102691264680395258,TechGuykunle,552,48.7,73,2,2,False
2102703583598956567,2026-09-23,290,2102670326555607497,Mx0ybt,484,132.2,81290,422,373,False
2102703641123811651,2026-09-23,169,2102684646207049754,danellisona,5872,75.5,65713,614,726,False
2102703695834353770,2026-09-23,9,2102408301384221147,Learnmore_smart,174,1173.8,1335,51,36,False
2102703785583984858,2026-09-23,33,2102687519179669912,nini_webdev,1144,64.6,1496,16,30,False
2102703861186384187,2026-09-23,27,2102703292883337636,Anshul2308z,6,2.2,69,1,0,True
2102705487624233461,2026-09-23,16,2102704229244616857,aapakari,11500,5.0,39,1,0,True
2102706130615259577,2026-09-23,22,2102455888409711010,YashHustle_22,3280,994.4,3662,86,47,False
2102706879713640452,2026-09-23,173,2102676837428347107,nini_webdev,1144,119.4,6447,25,338,False
2102706904623690033,2026-09-23,3416,2102697592681632056,uffyebanda,1914,37.0,236766,1569,2587,False
2102707218483458370,2026-09-23,29,2102562936673943731,OmNawale45831,811,573.3,653,15,21,False
2102707290688336336,2026-09-23,65,2102503955410342386,danellisona,5872,808.0,11248,78,111,False
2102707351233159391,2026-09-23,14,2102704157039972820,yangyang_2048,961,12.7,1239,60,58,False
2102707431784735056,2026-09-23,9,2102707358409613504,theamitnikhade,387,0.3,41,1,1,True
2102707539444216023,2026-09-23,15,2102634537239109855,zuess05,4462,290.1,54301,229,420,False
2102707618829787229,2026-09-23,12,2102699494177464640,kimindiehacker,1944,32.3,378,10,12,False
2102707653923488073,2026-09-23,7,2102427711381877147,arexobcd,3729,1112.4,1476,30,28,False
2102707818742812786,2026-09-23,29,2102707755387613352,OmNawale45831,811,0.3,572,1,2,True
2102708212101451862,2026-09-23,23,2102708059286261896,OmNawale45831,810,0.6,541,1,2,True
2102708235740536984,2026-09-23,24,2102708182258979054,OmNawale45831,811,0.2,59,1,3,True
2102708870993129621,2026-09-23,21,2102564861406232667,kimindiehacker,1944,572.2,1631,38,56,False
2102709970588598601,2026-09-23,48,2102709401165656254,theyouwell,161,2.3,70,1,1,True
2102710729443037531,2026-09-23,25,2102705924704219485,BabaDev_,2237,19.1,750,24,17,False
2102710788364648855,2026-09-23,31,2102611440490398171,MaxParnian,668,394.8,2680,31,86,False
2102710852591997122,2026-09-23,10,2102659208306933811,CiprianiRanieri,4152,205.2,414,8,11,False
2102711080082694201,2026-09-23,45,2102658535100383300,Gaus450,1124,208.8,3941,50,52,False
2102711145480282540,2026-09-23,12,2102349496130941235,poonam_twtt,5130,1437.1,2065,52,50,False
2102711180255224043,2026-09-23,16,2102369684041367718,fidexcode,14283,1357.0,9152,73,85,False
2102711227638337578,2026-09-23,15,2102413434902171680,usamafolio,191,1183.3,484,21,20,False
2102719848828854319,2026-09-23,13,2102387482830717054,SharavArora,2824,1320.7,1516,36,24,False
2102723596879806949,2026-09-23,41,2102711770024759714,theyouwell,161,47.0,544,19,21,False
2102724142361702446,2026-09-23,68,2102723004157555111,monthlycap,752,4.5,141,1,2,True
2102724175190458668,2026-09-23,68,2102721383939870767,oimatrixioYT,1050,11.1,139,1,1,True
2102724246514676078,2026-09-23,25,2102723955580928070,OmNawale45831,810,1.1,49,1,2,True
2102724940147675238,2026-09-23,17,2102724873445667080,oimatrixioYT,1050,0.3,48,1,0,True
2102725847241363801,2026-09-23,20,2102725127989240142,OmNawale45831,811,2.9,48,2,1,True
2102725864605766126,2026-09-23,20,2102725326375956759,theyouwell,161,2.1,41,1,2,True
2102725962819645701,2026-09-23,19,2102725723311968320,oimatrixioYT,1050,0.9,43,1,1,True
2102727898650288485,2026-09-23,15,2102727779355926966,sandip_dev_07,260,0.5,56,1,1,True
2102729192731529378,2026-09-23,20,2102729039873982722,monthlycap,752,0.6,44,1,1,True
2102737311322783965,2026-09-23,47,2102724411375923653,matt__makes,1989,51.2,113,1,0,True
2102737344201896199,2026-09-23,95,2102737122755231949,AmolWalunjsv18,1395,0.9,203,2,2,True
2102737388477026746,2026-09-23,51,2102726355440066570,skpnky,2579,43.9,107,1,0,True
2102737425072300373,2026-09-23,64,2102734977066504375,brookservers,1184,9.7,143,1,1,True
2102763526515474783,2026-09-23,25,2102742352523858277,miracache,1254,84.1,69,1,1,True
2102763826882179258,2026-09-23,22,2102452965340549179,skpnky,2578,1235.2,3471,66,62,False
2102763877524267407,2026-09-23,28,2102762864855638392,bidyut_io,707,4.0,225,3,9,False
2102763925402243433,2026-09-23,51,2102740405871874411,danellisona,5872,93.5,19139,360,246,False
2102763990485233762,2026-09-23,17,2102708925225189819,shakhzod1001,3018,218.8,1082,27,49,False
2102768159346536953,2026-09-23,49,2102748828231504299,Attwts,175,76.8,98,1,1,True
2102768252971827385,2026-09-23,34,2102756622045008082,T1redDeveloper,217,46.2,90,1,0,True
2102768720036917664,2026-09-23,31,2102739719130112000,Devvora15,500,115.2,446,13,13,False
2102768807290999013,2026-09-23,37,2102441113345028291,wenvotop,426,1302.1,4480,35,31,False
2102768873527558371,2026-09-23,13,2102404213724664136,itshrayr,66,1449.0,257,15,15,False
2102768921300676993,2026-09-23,22,2102724911558979683,kimindiehacker,1944,174.9,633,27,23,False
2102769020714029078,2026-09-23,29,2102746925615178221,brookservers,1184,87.8,623,5,7,False
2102769116826505709,2026-09-23,39,2102729639487811682,yagcidev,441,156.9,4224,105,86,False
2102769166961021330,2026-09-23,30,2102768500431368502,Sonderisfon,2540,2.6,74,1,0,True
2102769619899683087,2026-09-23,37,2102715374802190532,skpnky,2579,215.6,3791,61,94,False
2102770845378920867,2026-09-23,33,2102758060817326294,SamVale29,966,50.8,591,13,9,False
2102771431784501344,2026-09-23,20,2102654202153701631,modibhumikaa04,245,465.8,768,32,23,False
2102772804425007565,2026-09-23,50,2102771696528695620,sbhzi,785,4.4,85,1,1,True
2102772861031289115,2026-09-23,61,2102771091739496543,BuildByAman,1136,7.0,129,2,2,True
2102772944212815958,2026-09-23,45,2102772717531664536,OmNawale45831,810,0.9,775,1,1,True
2102773171791462573,2026-09-23,51,2102772938198155279,oimatrixioYT,1050,0.9,104,1,1,True
2102773242285244606,2026-09-23,29,2102705283269329186,Pksingh900,942,270.1,315,7,13,False
2102773277454369013,2026-09-23,24,2102422239031578851,Devvora15,500,1394.9,220,4,4,False
2102773422208209106,2026-09-23,33,2102773205815689708,OmNawale45831,811,0.9,68,1,1,True
2102773530639409425,2026-09-23,20,2102718234902601925,Officially_Dev_,2622,219.7,538,26,21,False
2102775113561337910,2026-09-23,21,2102774411690721592,kimindiehacker,1944,2.8,64,1,1,True
2102775180091396531,2026-09-23,42,2102772053376106908,idyeahstudio,715,12.4,83,1,1,True
2102775672821428680,2026-09-23,34,2102646650464604494,PeteKr22,71,512.7,137,3,2,False
2102777136700621252,2026-09-23,27,2102755256631173503,jun002c,1056,86.9,402,1,24,False
2102777387918463349,2026-09-23,30,2102775845425500162,PeteKr22,71,6.1,76,1,1,True
2102778962988720136,2026-09-23,30,2102778769463480494,Pksingh900,942,0.8,67,1,1,True
2102779207747297679,2026-09-23,42,2102775374249881939,RyanRayMartin,1427,15.2,93,1,0,True
2102779312395211161,2026-09-23,49,2102779160284516669,Pksingh900,942,0.6,68,1,1,True
2102780322287157715,2026-09-23,35,2102723296022442359,bidyut_io,707,226.6,417,6,13,False
2102780903709880394,2026-09-23,48,2102775497692439029,PeteKr22,71,21.5,1004,1,0,True
2102781804117889154,2026-09-23,40,2102497820901318870,Sonderisfon,2540,1128.5,3578,59,55,False
2102781850938994997,2026-09-23,33,2102670224675778803,nicobuildss,563,443.6,442,8,11,False
2102783199525142940,2026-09-23,48,2102671736277737771,JayeshPadhiar,347,442.9,867,23,26,False
2102783586147729413,2026-09-23,36,2102783340327686407,skpnky,2579,1.0,76,1,1,True
2102784430092038299,2026-09-23,35,2102783793115595196,bidyut_io,707,2.5,77,1,1,True
2102785889160306915,2026-09-23,60,2102785247549009981,Edgar_Silva0,10,2.5,84,1,0,True
2102785991954374757,2026-09-23,50,2102785644103647580,PeteKr22,71,1.4,96,1,0,True
2102786033708622256,2026-09-23,75,2102785221292908824,bidyut_io,707,3.2,129,1,2,True
2102786104915284308,2026-09-23,42,2102785031835898218,acecreamu,1614,4.2,93,1,0,True
2102786207394742348,2026-09-23,36,2102785983158845645,RyanRayMartin,1427,0.9,75,1,1,True
2102786913556115607,2026-09-23,46,2102786516053574125,PeteKr22,71,1.6,84,1,1,True
2102786971504705755,2026-09-23,59,2102786771293811075,PeteKr22,71,0.8,112,1,0,True
2102787163712811123,2026-09-23,63,2102784725152940251,anaygond26,1215,9.7,123,1,1,True
2102788720168784193,2026-09-23,87,2102788349199065565,techbyhez,754,1.5,144,1,2,True
2102788790523924517,2026-09-23,57,2102787812793950653,PeteKr22,71,3.9,103,1,0,True
2102788870521995406,2026-09-23,57,2102775296550424644,itsvlady,2931,53.9,935,11,20,False
2102789287238627409,2026-09-23,45,2102508846765998484,idyeahstudio,715,1114.4,632,15,15,False
2102789479346135460,2026-09-23,48,2102680361419644983,matt__makes,1989,433.6,900,11,57,False
2102789554407440877,2026-09-23,41,2102467390193758292,hametgholizadeh,1037,1280.2,797,15,24,False
2102789692613931245,2026-09-23,57,2102608861144522861,i_am_chayyy,1224,718.6,8427,54,228,False
2102789968099950783,2026-09-23,48,2102789800977903841,wenvotop,426,0.7,106,1,2,True
2102790178704388226,2026-09-23,51,2102790046021517508,yagcidev,441,0.5,115,1,0,True
2102792443876045087,2026-09-23,61,2102791187480645926,PeteKr22,71,5.0,116,1,0,True
2102793391356662200,2026-09-23,47,2102793017761350060,nicobuildss,563,1.5,105,1,1,True
2102796195911659633,2026-09-23,42,2102404251918217224,divvsaxena,3896,1557.4,4725,69,173,False
2102799639154151552,2026-09-23,66,2102797723913322926,Tech_amsterdam,170,7.6,127,1,1,True
2102799690865721355,2026-09-23,96,2102798801865936903,ReadAIRU,121,3.5,213,1,1,True
2102807333776830598,2026-09-23,49,2102803931760066722,JayeshPadhiar,347,13.5,113,1,2,True
2102807489876304244,2026-09-23,89,2102806867034374619,softdeveloper23,139,2.5,157,1,1,True
2102809846357832069,2026-09-23,59,2102809030112493597,CheesyPoofs999,25,3.2,121,1,1,True
2102809932886311199,2026-09-23,67,2102808356847235478,CheesyPoofs999,25,6.2,136,2,2,True
2102810836712767902,2026-09-23,62,2102810555341819921,kamilbaranek_,2235,1.1,130,1,1,True
2102810904027095197,2026-09-23,81,2102788838229721200,fawadhsdev,1430,87.7,194,1,1,True
2102811145770037755,2026-09-23,93,2102802569542402135,yesheratesdogs,1268,34.1,1499,29,45,False
2102811190938472647,2026-09-23,74,2102468112457388252,hametgholizadeh,1037,1363.3,577,2,5,False
2102814104427876597,2026-09-23,61,1996595319879123362,yesheratesdogs,1268,422075.5,28857,50,215,False
2102823792515174836,2026-09-23,76,2102821999496024500,FATLEOPARDx,247,7.1,251,1,0,False
2102825528160063514,2026-09-23,51,2102825051011563724,FATLEOPARDx,247,1.9,164,5,1,True
2102825930867786204,2026-09-23,52,2102813194196758746,trq212,354542,50.6,1520575,3088,11479,False
2102829962340585532,2026-09-23,86,2102828945477681158,Edgar_Silva0,10,4.0,1391,1,2,False
2102831870304285018,2026-09-23,78,2102830404252369086,ideasbymanish,41,5.8,283,1,0,True
2102831982271172797,2026-09-23,70,2102829873706459402,The_All_Guy,74,8.4,168,1,0,True
2102860008975487298,2026-09-23,71,2102859618128998859,staaakh,135,1.6,214,1,2,True
2102860094488928595,2026-09-23,77,2102850182199333055,miguels_io,6,39.4,200,1,0,True
