tweet_id,type,created_utc,views,likes,replies,reposts,quotes,in_reply_to_id,replied_to_handle
1902906871641674207,Original,2025-03-21T02:15:27+00:00,23,0,0,0,0,,
1908739585560985888,Original,2025-04-06T04:32:34+00:00,23,0,0,0,0,,
1909123827164135805,Original,2025-04-07T05:59:24+00:00,12,0,0,0,0,,
1909128528622461173,Original,2025-04-07T06:18:05+00:00,20,0,0,0,0,,
1909130039733703061,Original,2025-04-07T06:24:06+00:00,31,1,1,0,0,,
1909130041595936802,Reply,2025-04-07T06:24:06+00:00,22,1,0,0,0,1909130039733703061,robmailserver
1910175116794994986,Original,2025-04-10T03:36:51+00:00,21,0,0,0,0,,
1910774831148392930,Original,2025-04-11T19:19:54+00:00,24,0,0,0,0,,
1911389108410491221,Original,2025-04-13T12:00:49+00:00,20,0,0,0,0,,
1919529767097057733,Original,2025-05-05T23:08:54+00:00,8,0,0,0,0,,
1919529779726057657,Original,2025-05-05T23:08:57+00:00,10,0,0,0,0,,
1919529803205746852,Original,2025-05-05T23:09:02+00:00,14,0,0,0,0,,
1919530654553014295,Original,2025-05-05T23:12:25+00:00,13,0,0,0,0,,
1919530656415285341,Original,2025-05-05T23:12:26+00:00,11,0,0,0,0,,
1919532286841913372,Original,2025-05-05T23:18:55+00:00,21,0,1,0,0,,
1919532289496916045,Reply,2025-05-05T23:18:55+00:00,13,0,1,0,0,1919532286841913372,robmailserver
1919532291216613715,Reply,2025-05-05T23:18:56+00:00,8,0,1,0,0,1919532289496916045,robmailserver
1919532293783499161,Reply,2025-05-05T23:18:56+00:00,6,0,1,0,0,1919532291216613715,robmailserver
1919532295184384119,Reply,2025-05-05T23:18:57+00:00,11,0,1,0,0,1919532293783499161,robmailserver
1919532296878846406,Reply,2025-05-05T23:18:57+00:00,7,0,0,0,0,1919532295184384119,robmailserver
1919532913391239221,Original,2025-05-05T23:21:24+00:00,42,0,1,0,0,,
1919532916184584457,Reply,2025-05-05T23:21:25+00:00,9,0,1,0,0,1919532913391239221,robmailserver
1919532918743105806,Reply,2025-05-05T23:21:25+00:00,5,0,1,0,0,1919532916184584457,robmailserver
1919532921574326746,Reply,2025-05-05T23:21:26+00:00,30,0,1,0,0,1919532918743105806,robmailserver
1919532922903920683,Reply,2025-05-05T23:21:26+00:00,19,0,0,0,0,1919532921574326746,robmailserver
1920537215584624668,Original,2025-05-08T17:52:08+00:00,21,0,0,0,0,,
1920543214458585129,Original,2025-05-08T18:15:58+00:00,18,0,0,0,0,,
1920550106971189528,Original,2025-05-08T18:43:22+00:00,20,0,0,0,0,,
1920553194519998507,Original,2025-05-08T18:55:38+00:00,49,0,0,0,0,,
1920554512995266598,Original,2025-05-08T19:00:52+00:00,21,0,0,0,0,,
1920555416205037634,Original,2025-05-08T19:04:28+00:00,20,0,0,0,0,,
1920557903154720999,Original,2025-05-08T19:14:21+00:00,18,0,0,0,0,,
1920567661777563978,Original,2025-05-08T19:53:07+00:00,22,0,1,0,0,,
1920567663090389131,Reply,2025-05-08T19:53:07+00:00,15,0,0,0,0,1920567661777563978,robmailserver
1921648297317724483,Original,2025-05-11T19:27:11+00:00,24,0,0,0,0,,
1922424492246368582,Reply,2025-05-13T22:51:30+00:00,27,0,0,0,0,1922420958184538325,
1922428856142577747,Reply,2025-05-13T23:08:50+00:00,35,0,0,0,0,1922428255958933665,
1922429263619490257,Reply,2025-05-13T23:10:28+00:00,42,0,0,0,0,1922428255958933665,
1935579367104721288,Original,2025-06-19T06:04:17+00:00,18,0,0,0,0,,
1935584433647866191,Original,2025-06-19T06:24:25+00:00,25,0,0,0,0,,
1935598482603340102,Original,2025-06-19T07:20:14+00:00,18,0,0,0,0,,
1935598484859797828,Original,2025-06-19T07:20:15+00:00,21,0,0,0,0,,
1935598734429372813,Original,2025-06-19T07:21:14+00:00,26,0,0,0,0,,
1935960168136949855,Original,2025-06-20T07:17:27+00:00,21,0,0,0,0,,
1937028775373611113,Original,2025-06-23T06:03:42+00:00,15,0,0,0,0,,
1937036910964469882,Original,2025-06-23T06:36:02+00:00,13,0,1,0,0,,
1937036912432492554,Reply,2025-06-23T06:36:02+00:00,7,0,1,0,0,1937036910964469882,robmailserver
1937036913724256746,Reply,2025-06-23T06:36:03+00:00,4,0,1,0,0,1937036912432492554,robmailserver
1937036915129364850,Reply,2025-06-23T06:36:03+00:00,4,0,0,0,0,1937036913724256746,robmailserver
1937037077801205874,Original,2025-06-23T06:36:42+00:00,17,0,1,0,0,,
1937037079013376219,Reply,2025-06-23T06:36:42+00:00,19,0,1,0,0,1937037077801205874,robmailserver
1937037081521578023,Reply,2025-06-23T06:36:43+00:00,8,0,0,0,0,1937037079013376219,robmailserver
1937054908370550808,Original,2025-06-23T07:47:33+00:00,16,0,1,0,0,,
1937054909872124322,Reply,2025-06-23T07:47:33+00:00,14,0,1,0,0,1937054908370550808,robmailserver
1937054911474376917,Reply,2025-06-23T07:47:34+00:00,5,0,0,0,0,1937054909872124322,robmailserver
1938134016978292991,Original,2025-06-26T07:15:33+00:00,13,0,0,0,0,,
1938289798386475424,Original,2025-06-26T17:34:34+00:00,19,0,1,0,0,,
1938289800231973270,Reply,2025-06-26T17:34:34+00:00,15,0,0,0,0,1938289798386475424,robmailserver
1938652242212450630,Original,2025-06-27T17:34:47+00:00,24,0,0,0,0,,
1942852410487034267,Original,2025-07-09T07:44:45+00:00,20,0,0,0,0,,
1942853732120527113,Original,2025-07-09T07:50:00+00:00,19,0,0,0,0,,
1942854235072192630,Original,2025-07-09T07:52:00+00:00,17,0,0,0,0,,
1942854738397077551,Original,2025-07-09T07:54:00+00:00,16,0,0,0,0,,
1942855493438837190,Original,2025-07-09T07:57:00+00:00,16,0,1,0,0,,
1942856604686172422,Original,2025-07-09T08:01:25+00:00,12,0,0,0,0,,
1942857814835134585,Original,2025-07-09T08:06:14+00:00,12,0,0,0,0,,
1942858067256709356,Original,2025-07-09T08:07:14+00:00,16,0,0,0,0,,
1942858066187182230,Original,2025-07-09T08:07:14+00:00,12,0,0,0,0,,
1942858069706195339,Original,2025-07-09T08:07:15+00:00,17,0,0,0,0,,
1942858802157543899,Original,2025-07-09T08:10:09+00:00,21,0,0,0,0,,
1942858801138282997,Original,2025-07-09T08:10:09+00:00,19,0,0,0,0,,
1942859777001881642,Original,2025-07-09T08:14:02+00:00,31,0,0,0,0,,
1956915081222001149,Original,2025-08-17T03:04:47+00:00,38,0,0,0,0,,
1956915285191012725,Original,2025-08-17T03:05:36+00:00,33,0,0,0,0,,
1961430097505734973,Original,2025-08-29T14:05:51+00:00,16,0,0,0,0,,
1971289044152680955,Original,2025-09-25T19:01:47+00:00,17,0,0,0,0,,
1971289295802528198,Original,2025-09-25T19:02:47+00:00,17,0,0,0,0,,
1971289547444019631,Original,2025-09-25T19:03:47+00:00,14,0,1,0,0,,
1971289548047917165,Reply,2025-09-25T19:03:47+00:00,14,0,1,0,0,1971289547444019631,robmailserver
1971289548719071647,Reply,2025-09-25T19:03:47+00:00,5,0,0,0,0,1971289548047917165,robmailserver
1971290050810744898,Original,2025-09-25T19:05:47+00:00,13,0,1,0,0,,
1971290051460972843,Reply,2025-09-25T19:05:47+00:00,10,0,1,0,0,1971290050810744898,robmailserver
1971290052383633626,Reply,2025-09-25T19:05:47+00:00,1,0,1,0,0,1971290051460972843,robmailserver
1971290053088309724,Reply,2025-09-25T19:05:48+00:00,4,0,1,0,0,1971290052383633626,robmailserver
1971290053780369666,Reply,2025-09-25T19:05:48+00:00,4,0,0,0,0,1971290053088309724,robmailserver
1971299179453378798,Original,2025-09-25T19:42:04+00:00,12,0,0,0,0,,
1971299430671245594,Original,2025-09-25T19:43:03+00:00,12,0,0,0,0,,
1971299432160280584,Original,2025-09-25T19:43:04+00:00,15,0,1,0,0,,
1971299434005737791,Reply,2025-09-25T19:43:04+00:00,4,0,1,0,0,1971299433116545150,robmailserver
1971299434911642007,Reply,2025-09-25T19:43:04+00:00,4,0,0,0,0,1971299434005737791,robmailserver
1971299433116545150,Reply,2025-09-25T19:43:04+00:00,10,0,1,0,0,1971299432160280584,robmailserver
1971300688899563657,Original,2025-09-25T19:48:03+00:00,13,0,0,0,0,,
1971300690115838247,Original,2025-09-25T19:48:04+00:00,13,0,0,0,0,,
1971307206051058123,Original,2025-09-25T20:13:57+00:00,13,0,0,0,0,,
1971309077054566531,Original,2025-09-25T20:21:23+00:00,12,0,0,0,0,,
1971309075989184899,Original,2025-09-25T20:21:23+00:00,12,0,0,0,0,,
1971309327110598657,Original,2025-09-25T20:22:23+00:00,12,0,0,0,0,,
1971314366801694827,Original,2025-09-25T20:42:24+00:00,12,0,0,0,0,,
1971316895618896065,Original,2025-09-25T20:52:27+00:00,12,0,0,0,0,,
1971360436873208021,Original,2025-09-25T23:45:28+00:00,14,0,0,0,0,,
1971360684093935686,Original,2025-09-25T23:46:27+00:00,13,0,0,0,0,,
1971366992822063200,Original,2025-09-26T00:11:31+00:00,16,0,0,0,0,,
1971366990318047738,Original,2025-09-26T00:11:31+00:00,15,0,0,0,0,,
1971366989256917112,Original,2025-09-26T00:11:31+00:00,14,0,0,0,0,,
1971367240516702366,Original,2025-09-26T00:12:31+00:00,16,0,0,0,0,,
1971367492225302579,Original,2025-09-26T00:13:31+00:00,18,0,0,0,0,,
1971367503147204636,Original,2025-09-26T00:13:33+00:00,18,0,0,0,0,,
1973927348241109046,Original,2025-10-03T01:45:28+00:00,17,0,0,0,0,,
1974279562377720014,Original,2025-10-04T01:05:02+00:00,19,0,1,0,0,,
1974279563375972504,Reply,2025-10-04T01:05:02+00:00,18,0,0,0,0,1974279562377720014,robmailserver
1974279816892371176,Original,2025-10-04T01:06:03+00:00,25,0,0,0,0,,
1974280065299968310,Original,2025-10-04T01:07:02+00:00,24,0,0,0,0,,
1974288657633759450,Original,2025-10-04T01:41:11+00:00,22,0,0,0,0,,
1974648907809370384,Original,2025-10-05T01:32:41+00:00,23,0,0,0,0,,
1974648906634973326,Original,2025-10-05T01:32:41+00:00,23,0,0,0,0,,
1975277872978739386,Original,2025-10-06T19:11:58+00:00,21,0,0,0,0,,
1975278124624404773,Original,2025-10-06T19:12:58+00:00,21,0,0,0,0,,
1977660697791144353,Original,2025-10-13T09:00:28+00:00,18,0,0,0,0,,
1977890688218849522,Original,2025-10-14T00:14:22+00:00,20,0,0,0,0,,
1978481009592000719,Quote,2025-10-15T15:20:05+00:00,34,0,0,0,0,,
1979336626573574616,Quote,2025-10-18T00:00:00+00:00,40,0,0,0,0,,
1979337381833498842,Quote,2025-10-18T00:03:00+00:00,30,0,0,0,0,,
1979356694854381982,Quote,2025-10-18T01:19:45+00:00,36,0,0,0,0,,
1987930944720834832,Original,2025-11-10T17:10:45+00:00,23,1,1,0,0,,
1987932194271064212,Original,2025-11-10T17:15:43+00:00,69,1,1,0,0,,
1987938738589020351,Reply,2025-11-10T17:41:44+00:00,19,0,0,0,0,1987930944720834832,robmailserver
1987939999447154691,Reply,2025-11-10T17:46:44+00:00,20,0,0,0,0,1987932194271064212,robmailserver
1988167245290160278,Original,2025-11-11T08:49:44+00:00,28,1,2,0,0,,
1988167245894226069,Reply,2025-11-11T08:49:44+00:00,21,0,0,0,0,1988167245290160278,robmailserver
1988175086185017603,Reply,2025-11-11T09:20:53+00:00,8,0,0,0,0,1988167245290160278,robmailserver
1988549998259446248,Original,2025-11-12T10:10:39+00:00,27,0,0,0,0,,
1992249639417106791,Original,2025-11-22T15:11:42+00:00,26,0,0,0,0,,
1993013906017861723,Reply,2025-11-24T17:48:38+00:00,18,0,0,0,0,1993010832679354577,howardlindzon
1993250006661578958,Original,2025-11-25T09:26:49+00:00,23,0,0,0,0,,
1993390034691535228,Original,2025-11-25T18:43:14+00:00,23,0,0,0,0,,
1993390120503001599,Original,2025-11-25T18:43:34+00:00,24,0,0,0,0,,
1993393702841336285,Original,2025-11-25T18:57:48+00:00,34,1,1,0,0,,
1993393704678441198,Reply,2025-11-25T18:57:49+00:00,29,0,1,0,0,1993393702841336285,robmailserver
1993393706272202933,Reply,2025-11-25T18:57:49+00:00,8,0,0,0,0,1993393704678441198,robmailserver
1993395659765170616,Original,2025-11-25T19:05:35+00:00,26,0,0,0,0,,
1993398721523122188,Original,2025-11-25T19:17:45+00:00,29,0,0,0,0,,
1993401180794532135,Original,2025-11-25T19:27:31+00:00,30,0,0,0,0,,
1993403655446462658,Original,2025-11-25T19:37:21+00:00,33,0,0,0,0,,
1993410676937965999,Original,2025-11-25T20:05:15+00:00,34,0,0,1,0,,
1993609584108593207,Original,2025-11-26T09:15:38+00:00,26,0,0,0,0,,
1993611233346621909,Original,2025-11-26T09:22:12+00:00,25,0,0,0,0,,
1993620771445579982,Original,2025-11-26T10:00:06+00:00,26,0,0,0,0,,
1993652621681537302,Original,2025-11-26T12:06:39+00:00,26,0,0,0,0,,
1993661177138970946,Original,2025-11-26T12:40:39+00:00,25,0,0,0,0,,
1993668970826924195,Reply,2025-11-26T13:11:37+00:00,12,3,1,0,0,1993659910673027334,APompliano
1993669005631250840,Reply,2025-11-26T13:11:46+00:00,6,0,0,0,0,1993659884479619362,agazdecki
1993669039353462830,Reply,2025-11-26T13:11:54+00:00,18,0,0,0,0,1993659311776829858,StephenFleming
1993676898803777749,Reply,2025-11-26T13:43:08+00:00,24,0,0,0,0,1993668454881415311,alliekmiller
1993683831032033511,Reply,2025-11-26T14:10:40+00:00,17,0,0,0,0,1993668133346046072,AdamSinger
1993683864909488485,Reply,2025-11-26T14:10:48+00:00,2,0,0,0,0,1993667995441233929,Trace_Cohen
1993683958358577357,Reply,2025-11-26T14:11:11+00:00,13,0,0,0,0,1993683496439537794,garyvee
1993685152455967075,Reply,2025-11-26T14:15:55+00:00,13,0,0,0,0,1993667991880466911,asemota
1993698302039347432,Repost,2025-11-26T15:08:10+00:00,,0,0,1,0,,
1996817408581861609,Original,2025-12-05T05:42:23+00:00,37,1,1,1,0,,
1996817409659879781,Reply,2025-12-05T05:42:24+00:00,28,0,0,0,0,1996817408581861609,robmailserver
1996832719817330738,Repost,2025-12-05T06:43:14+00:00,,0,0,1,0,,
1997674769773363203,Reply,2025-12-07T14:29:14+00:00,1,0,0,0,0,1997673990039421069,clifflocks
2006674816284143659,Original,2026-01-01T10:32:13+00:00,32,0,0,1,0,,
2006690006375576046,Repost,2026-01-01T11:32:34+00:00,,0,0,1,0,,
2008518989685674029,Original,2026-01-06T12:40:18+00:00,34,0,0,1,0,,
2008534108503208045,Repost,2026-01-06T13:40:22+00:00,,0,0,1,0,,
2009292125733830656,Original,2026-01-08T15:52:28+00:00,28,0,0,0,0,,
2009293291171577872,Original,2026-01-08T15:57:06+00:00,29,0,1,0,0,,
2009293667479990392,Reply,2026-01-08T15:58:35+00:00,28,0,0,0,0,2009293291171577872,robmailserver
2009295716892721292,Original,2026-01-08T16:06:44+00:00,32,0,0,0,0,,
2009297301563691469,Original,2026-01-08T16:13:02+00:00,35,0,0,0,0,,
2009301680945500629,Original,2026-01-08T16:30:26+00:00,53,0,1,0,0,,
2009301965571019193,Reply,2026-01-08T16:31:34+00:00,41,0,0,0,0,2009301680945500629,robmailserver
2009332411080036697,Original,2026-01-08T18:32:33+00:00,40,0,0,0,0,,
2009338053815615974,Original,2026-01-08T18:54:58+00:00,35,0,0,0,0,,
2009341048364126494,Original,2026-01-08T19:06:52+00:00,34,0,0,0,0,,
2009342059191341109,Original,2026-01-08T19:10:53+00:00,35,0,0,0,0,,
2009343120266416309,Original,2026-01-08T19:15:06+00:00,34,0,1,0,0,,
2009343121973498096,Reply,2026-01-08T19:15:06+00:00,33,0,0,0,0,2009343120266416309,robmailserver
2009356562125525284,Original,2026-01-08T20:08:31+00:00,38,0,0,1,0,,
2009359240582803786,Original,2026-01-08T20:19:09+00:00,39,0,0,1,0,,
2009361802518298914,Original,2026-01-08T20:29:20+00:00,36,0,0,1,0,,
2009362673780003091,Original,2026-01-08T20:32:48+00:00,38,0,0,1,0,,
2009365442591178970,Original,2026-01-08T20:43:48+00:00,34,0,0,1,0,,
2009371882328334620,Repost,2026-01-08T21:09:23+00:00,,0,0,1,0,,
2009374398541644063,Repost,2026-01-08T21:19:23+00:00,,0,0,1,0,,
2009376915056935075,Repost,2026-01-08T21:29:23+00:00,,0,0,1,0,,
2009377921849323701,Repost,2026-01-08T21:33:23+00:00,,0,0,1,0,,
2009380690052231499,Repost,2026-01-08T21:44:23+00:00,,0,0,1,0,,
2014415240369209791,Reply,2026-01-22T19:09:53+00:00,6,0,0,0,0,2014415239396114940,
2016209488165093810,Original,2026-01-27T17:59:35+00:00,31,0,0,0,0,,
2016209618805166588,Original,2026-01-27T18:00:07+00:00,32,0,0,0,0,,
2016226524769485008,Original,2026-01-27T19:07:17+00:00,44,0,1,0,0,,
2016494139190485439,Original,2026-01-28T12:50:42+00:00,31,0,0,0,0,,
2016530261178204670,Original,2026-01-28T15:14:14+00:00,28,0,0,0,0,,
2016530677186052588,Original,2026-01-28T15:15:53+00:00,28,0,0,0,0,,
2016530734543225233,Original,2026-01-28T15:16:07+00:00,30,0,0,0,0,,
2016530779078262862,Original,2026-01-28T15:16:17+00:00,30,0,0,0,0,,
2016531276111716439,Original,2026-01-28T15:18:16+00:00,32,0,0,0,0,,
2016535789942026665,Original,2026-01-28T15:36:12+00:00,31,0,0,0,0,,
2016538709651489120,Original,2026-01-28T15:47:48+00:00,31,0,0,0,0,,
2016932108191879286,Original,2026-01-29T17:51:02+00:00,32,0,0,0,0,,
2016932155210027445,Original,2026-01-29T17:51:13+00:00,32,0,0,0,0,,
2016932199183093760,Original,2026-01-29T17:51:23+00:00,34,0,0,0,0,,
2016933991715312041,Original,2026-01-29T17:58:31+00:00,35,0,0,0,0,,
2016934072124395822,Original,2026-01-29T17:58:50+00:00,35,0,0,0,0,,
2016936269931302952,Original,2026-01-29T18:07:34+00:00,38,0,0,0,0,,
2016943014338560234,Original,2026-01-29T18:34:22+00:00,38,0,0,0,0,,
2016944234897752212,Original,2026-01-29T18:39:13+00:00,36,0,0,0,0,,
2016948192475304241,Original,2026-01-29T18:54:56+00:00,44,0,0,0,0,,
2016949143391129839,Original,2026-01-29T18:58:43+00:00,41,0,0,0,0,,
2016949146364891583,Original,2026-01-29T18:58:44+00:00,42,0,0,0,0,,
2017957786391290289,Original,2026-02-01T13:46:42+00:00,43,0,0,0,0,,
2017959167282086110,Original,2026-02-01T13:52:12+00:00,39,0,0,0,0,,
2018767832394150042,Original,2026-02-03T19:25:32+00:00,40,0,0,0,0,,
2018767900044095529,Original,2026-02-03T19:25:48+00:00,46,0,0,1,0,,
2018783038394523771,Repost,2026-02-03T20:25:58+00:00,,0,0,1,0,,
2019134526048338392,Original,2026-02-04T19:42:39+00:00,42,0,0,0,0,,
2019134573720842268,Original,2026-02-04T19:42:50+00:00,41,0,0,0,0,,
2019463047878787077,Original,2026-02-05T17:28:05+00:00,45,0,1,0,0,,
2019463048671395970,Reply,2026-02-05T17:28:05+00:00,44,0,0,0,0,2019463047878787077,robmailserver
2021304858813530183,Original,2026-02-10T19:26:47+00:00,41,0,1,0,0,,
2021304860348744082,Reply,2026-02-10T19:26:47+00:00,43,0,0,0,0,2021304858813530183,robmailserver
2021934405841727512,Original,2026-02-12T13:08:22+00:00,60,1,9,0,0,,
2021942076707835924,Reply,2026-02-12T13:38:51+00:00,40,0,0,0,0,2021934405841727512,robmailserver
2021944061263847486,Original,2026-02-12T13:46:44+00:00,55,1,5,0,0,,
2021945386051534856,Reply,2026-02-12T13:52:00+00:00,4,0,0,0,0,2021934405841727512,robmailserver
2021947250658656307,Original,2026-02-12T13:59:25+00:00,40,0,0,0,0,,
2021948921740734510,Reply,2026-02-12T14:06:03+00:00,4,0,0,0,0,2021934405841727512,robmailserver
2021950674708148265,Reply,2026-02-12T14:13:01+00:00,6,0,0,0,0,2021934405841727512,robmailserver
2021951680955216321,Reply,2026-02-12T14:17:01+00:00,42,0,0,0,0,2021944061263847486,robmailserver
2021952689597247729,Reply,2026-02-12T14:21:01+00:00,6,0,0,0,0,2021934405841727512,robmailserver
2021953442462277865,Reply,2026-02-12T14:24:01+00:00,6,0,0,0,0,2021944061263847486,robmailserver
2021954455185301811,Reply,2026-02-12T14:28:02+00:00,6,0,0,0,0,2021934405841727512,robmailserver
2021955708397265022,Reply,2026-02-12T14:33:01+00:00,6,0,0,0,0,2021944061263847486,robmailserver
2021957470982230209,Reply,2026-02-12T14:40:01+00:00,6,0,0,0,0,2021934405841727512,robmailserver
2021958729059504605,Reply,2026-02-12T14:45:01+00:00,6,0,0,0,0,2021944061263847486,robmailserver
2021959174670926273,Original,2026-02-12T14:46:48+00:00,86,0,1,0,1,,
2021959176336089584,Reply,2026-02-12T14:46:48+00:00,45,0,0,0,0,2021959174670926273,robmailserver
2021964948579213487,Reply,2026-02-12T15:09:44+00:00,2,0,0,0,0,2016226816562958633,superx_so
2021989202540323001,Reply,2026-02-12T16:46:07+00:00,7,0,0,0,0,2021934405841727512,robmailserver
2021991720724865291,Reply,2026-02-12T16:56:07+00:00,13,0,0,0,0,2021944061263847486,robmailserver
2021996030259028071,Original,2026-02-12T17:13:15+00:00,54,1,0,0,0,,
2021996109183258874,Original,2026-02-12T17:13:33+00:00,73,0,0,1,0,,
2021996204725334417,Original,2026-02-12T17:13:56+00:00,55,0,0,0,0,,
2021997839635661304,Reply,2026-02-12T17:20:26+00:00,15,0,0,0,0,2021934405841727512,robmailserver
2022002412009988127,Original,2026-02-12T17:38:36+00:00,67,1,5,0,0,,
2022010000336445794,Reply,2026-02-12T18:08:45+00:00,51,0,0,0,0,2022002412009988127,robmailserver
2022012012998345172,Reply,2026-02-12T18:16:45+00:00,13,0,0,0,0,2022002412009988127,robmailserver
2022014026486616109,Reply,2026-02-12T18:24:45+00:00,13,0,0,0,0,2022002412009988127,robmailserver
2022017046242828621,Reply,2026-02-12T18:36:45+00:00,16,0,0,0,0,2022002412009988127,robmailserver
2022019225775149283,Original,2026-02-12T18:45:25+00:00,64,1,1,0,0,,
2022019740827349307,Reply,2026-02-12T18:47:28+00:00,13,0,0,0,0,2022002412009988127,robmailserver
2022022009979359308,Reply,2026-02-12T18:56:29+00:00,52,0,0,0,0,2022019225775149283,robmailserver
2022027681974403090,Original,2026-02-12T19:19:01+00:00,58,0,0,0,0,,
2022027812849213888,Original,2026-02-12T19:19:32+00:00,70,0,0,1,0,,
2022027899855888490,Original,2026-02-12T19:19:53+00:00,60,0,0,0,0,,
2022119473021411480,Repost,2026-02-13T01:23:46+00:00,,0,0,1,0,,
2022304984667480191,Original,2026-02-13T13:40:55+00:00,48,0,0,0,0,,
2022305087369216370,Original,2026-02-13T13:41:20+00:00,129,1,2,0,0,,
2022305341007179799,Original,2026-02-13T13:42:20+00:00,60,0,0,0,0,,
2022311827707675036,Original,2026-02-13T14:08:07+00:00,62,1,1,0,0,,
2022313066990272631,Original,2026-02-13T14:13:02+00:00,67,1,1,0,0,,
2022317592791195657,Reply,2026-02-13T14:31:01+00:00,58,0,0,0,0,2022313066990272631,robmailserver
2022319603590840687,Reply,2026-02-13T14:39:01+00:00,56,0,0,0,0,2022311827707675036,robmailserver
2022319836769005807,Original,2026-02-13T14:39:56+00:00,73,1,1,0,0,,
2022319923733704799,Original,2026-02-13T14:40:17+00:00,65,0,0,0,0,,
2022320000258785416,Original,2026-02-13T14:40:35+00:00,77,0,0,1,0,,
2022327538249351532,Reply,2026-02-13T15:10:32+00:00,64,0,0,0,0,2022319836769005807,robmailserver
2022330556944351407,Repost,2026-02-13T15:22:32+00:00,,0,0,1,0,,
2022351199450628167,Repost,2026-02-13T16:44:34+00:00,,0,0,1,0,,
2024907395915547061,Quote,2026-02-20T18:01:58+00:00,98,0,0,0,0,,
2024913548292616418,Quote,2026-02-20T18:26:25+00:00,76,0,0,0,0,,
2024942713205129692,Quote,2026-02-20T20:22:19+00:00,114,0,0,0,0,,
2026642945936433233,Original,2026-02-25T12:58:26+00:00,52,0,0,0,0,,
2026643016413270118,Original,2026-02-25T12:58:42+00:00,53,0,0,0,0,,
2026644518838181918,Original,2026-02-25T13:04:41+00:00,52,0,0,0,0,,
2026645772188487897,Original,2026-02-25T13:09:40+00:00,61,0,1,0,0,,
2026645773190852645,Reply,2026-02-25T13:09:40+00:00,55,0,0,0,0,2026645772188487897,robmailserver
2027080626122244167,Original,2026-02-26T17:57:37+00:00,55,0,0,0,0,,
2027099037875241194,Quote,2026-02-26T19:10:46+00:00,84,0,0,0,0,,
2027331556256231615,Quote,2026-02-27T10:34:43+00:00,90,0,0,0,0,,
2027643661010538557,Reply,2026-02-28T07:14:55+00:00,20,0,0,0,0,2027642797830885432,esther_stan
2027643769785573722,Quote,2026-02-28T07:15:21+00:00,94,0,0,0,0,,
2028455804676743395,Original,2026-03-02T13:02:05+00:00,78,0,0,0,0,,
2029618232772956259,Original,2026-03-05T18:01:09+00:00,77,0,0,0,0,,
2041958000550608917,Original,2026-04-08T19:14:59+00:00,79,0,0,0,0,,
2041989624336146721,Reply,2026-04-08T21:20:39+00:00,3,0,0,0,0,2023749617205342579,inflact
2041989670284701749,Reply,2026-04-08T21:20:50+00:00,3,0,0,0,0,2022353225974976534,KhpAnsar
2042392490687263180,Original,2026-04-10T00:01:30+00:00,84,0,0,0,0,,
2042395304226390070,Original,2026-04-10T00:12:41+00:00,83,0,0,0,0,,
2042395473965646001,Original,2026-04-10T00:13:21+00:00,86,0,0,0,0,,
2042395895098941713,Original,2026-04-10T00:15:01+00:00,86,0,0,0,0,,
2042396381826965729,Original,2026-04-10T00:16:57+00:00,92,0,0,0,0,,
2042397068480610564,Original,2026-04-10T00:19:41+00:00,206,0,1,0,1,,
2042711231346229400,Original,2026-04-10T21:08:03+00:00,94,0,0,0,0,,
2043483731889950883,Original,2026-04-13T00:17:42+00:00,193,0,0,0,1,,
2043483983674056714,Quote,2026-04-13T00:18:42+00:00,130,0,0,0,0,,
2043491151173304501,Original,2026-04-13T00:47:11+00:00,99,0,0,0,0,,
2048785384654688350,Quote,2026-04-27T15:24:34+00:00,139,0,0,0,0,,
2075939220762313189,Original,2026-07-11T13:44:13+00:00,112,0,0,0,0,,
2075971126556033376,Original,2026-07-11T15:51:00+00:00,119,0,0,0,0,,
2076065138990624967,Repost,2026-07-11T22:04:35+00:00,,0,0,21,0,,
2076093823432970709,Reply,2026-07-11T23:58:34+00:00,31,0,1,0,0,2076076594603680207,MatthewBerman
2077491426238386447,Reply,2026-07-15T20:32:08+00:00,88,0,0,0,0,2042397068480610564,robmailserver
2077740019163537430,Original,2026-07-16T12:59:57+00:00,109,0,0,0,0,,
2095940171619344598,Original,2026-09-04T18:20:52+00:00,108,0,0,0,0,,
2097374158141456761,Original,2026-09-08T17:19:01+00:00,108,0,0,0,0,,
2102328382180716682,Repost,2026-09-22T09:25:20+00:00,,0,0,772,0,,
2102328416314011814,Reply,2026-09-22T09:25:28+00:00,17,0,0,0,0,2102254445082116335,thsottiaux
2102328562812621078,Reply,2026-09-22T09:26:03+00:00,4455,0,0,0,0,2102050395027599752,ProfitableMan1
2102328653162172479,Repost,2026-09-22T09:26:24+00:00,,0,0,242,0,,
2102328715988636134,Reply,2026-09-22T09:26:39+00:00,2151,0,2,0,0,2101627891721371971,anshnanda
2102328948885774833,Quote,2026-09-22T09:27:35+00:00,154,1,0,0,0,,
2102329139470762027,Reply,2026-09-22T09:28:20+00:00,45,0,0,0,0,2102033523431584094,yongfook
2102329313542692959,Reply,2026-09-22T09:29:02+00:00,4,0,0,0,0,2102133262965498317,moiiikaaa
2102329465716297900,Reply,2026-09-22T09:29:38+00:00,132,1,0,0,0,2102211256975565095,theo
2102329753927889208,Reply,2026-09-22T09:30:47+00:00,18,0,0,0,0,2102326246461821334,APompliano
2102329843006550364,Reply,2026-09-22T09:31:08+00:00,157,0,0,0,0,2102259624313549130,theo
2102329944227586445,Reply,2026-09-22T09:31:32+00:00,11,0,0,0,0,2102131753511260267,craigweiss
2102331034864058483,Reply,2026-09-22T09:35:52+00:00,117,0,0,0,0,2102196428861059092,pcshipp
2102331252871504051,Reply,2026-09-22T09:36:44+00:00,9,0,0,0,0,2101833850426982834,yacineMTB
2102331407125434569,Quote,2026-09-22T09:37:21+00:00,159,0,0,0,0,,
2102337727383625947,Reply,2026-09-22T10:02:28+00:00,4,0,0,0,0,2102026011013718339,prasenx
2102339035058647252,Reply,2026-09-22T10:07:40+00:00,63,0,0,0,0,2102223200755019786,samsheffer
2102339158295584872,Reply,2026-09-22T10:08:09+00:00,9,0,0,0,0,2102186805034635576,trq212
2102339376705572964,Quote,2026-09-22T10:09:01+00:00,164,0,0,0,0,,
2102339519286767694,Reply,2026-09-22T10:09:35+00:00,84,0,0,0,0,2102172270085193896,rezoundous
2102339593785966717,Reply,2026-09-22T10:09:53+00:00,10,0,0,0,0,2102110761912860996,BabaDev_
2102339691676844542,Reply,2026-09-22T10:10:16+00:00,101,0,0,0,0,2102136036486754731,lassejv
2102339763172999510,Reply,2026-09-22T10:10:33+00:00,30,0,0,0,0,2102191458987987098,MatthewParrott
2102342541060546826,Reply,2026-09-22T10:21:36+00:00,8,0,0,0,0,2102080257524392192,argofowl
2102342651668545582,Reply,2026-09-22T10:22:02+00:00,13,0,0,0,0,2102065322669023564,danellisona
2102342721008775598,Reply,2026-09-22T10:22:18+00:00,57,0,0,0,0,2102295568613507347,BrianMRey
2102342777128501324,Reply,2026-09-22T10:22:32+00:00,11,0,0,0,0,2102314639220789397,codingdeerr
2102342880094568572,Repost,2026-09-22T10:22:56+00:00,,0,0,280,0,,
2102343014303813657,Reply,2026-09-22T10:23:28+00:00,65,1,0,0,0,2102190708019097700,danielkhunter
2102343072797659534,Reply,2026-09-22T10:23:42+00:00,6,0,0,0,0,2102226762167910786,rileybrown
2102371925934903541,Reply,2026-09-22T12:18:21+00:00,4,0,0,0,0,2102351796761133538,matthewmillerai
2102375495459541495,Reply,2026-09-22T12:32:33+00:00,6,0,0,0,0,2102089736609562762,AI_Screening
2102375552640503989,Reply,2026-09-22T12:32:46+00:00,5,0,0,0,0,2102093248818991137,craigweiss
2102375612187082818,Reply,2026-09-22T12:33:00+00:00,15,0,0,0,0,2102182778016248219,DavidOndrej1
2102375719548698865,Reply,2026-09-22T12:33:26+00:00,7,0,0,0,0,2102144335697547512,kamilbaranek_
2102375755036717518,Reply,2026-09-22T12:33:34+00:00,11,0,0,0,0,2102059028071281020,rezoundous
2102375843821678664,Original,2026-09-22T12:33:56+00:00,112,0,0,0,0,,
2102376043852218713,Reply,2026-09-22T12:34:43+00:00,5,0,0,0,0,2101948042165297590,kamilbaranek_
2102392291956801719,Reply,2026-09-22T13:39:17+00:00,19,0,0,0,0,2102295330431857052,kamilbaranek_
2102392389595975995,Reply,2026-09-22T13:39:40+00:00,9,0,0,0,0,2102299707855032704,kamilbaranek_
2102392897006129161,Reply,2026-09-22T13:41:41+00:00,13,1,1,0,0,2102254058803507677,TTrimoreau
2102392942791205356,Reply,2026-09-22T13:41:52+00:00,6,0,0,0,0,2102367557206389051,danellisona
2102393000525693144,Repost,2026-09-22T13:42:06+00:00,,0,0,13,0,,
2102393149339713591,Original,2026-09-22T13:42:42+00:00,116,0,0,0,0,,
2102459135736611243,Quote,2026-09-22T18:04:54+00:00,121,0,0,0,0,,
2102459193571897448,Reply,2026-09-22T18:05:08+00:00,9,1,0,0,0,2102437686967738431,trq212
2102459323511419295,Reply,2026-09-22T18:05:39+00:00,21,0,0,0,0,2102439244887453825,notch
2102459338225000618,Repost,2026-09-22T18:05:42+00:00,,0,0,1210,0,,
2102459420529881396,Reply,2026-09-22T18:06:02+00:00,13,0,0,0,0,2102432368158245252,nikitabier
2102459492550291663,Reply,2026-09-22T18:06:19+00:00,10,0,0,0,0,2102411467186401411,alexandr_wang
2102459687614710048,Reply,2026-09-22T18:07:05+00:00,6,0,0,0,0,2102445799242174515,Sanguiloop
2102460228516348320,Quote,2026-09-22T18:09:14+00:00,150,1,0,0,0,,
2102460302537499121,Reply,2026-09-22T18:09:32+00:00,3161,0,0,0,0,2102443721039999443,charliermarsh
2102460350482550827,Reply,2026-09-22T18:09:44+00:00,77,0,0,0,0,2102457082289205550,tana_shahh
2102460367423349246,Reply,2026-09-22T18:09:48+00:00,125,0,0,0,0,2102452902476530050,HarshithLucky3
2102460407613125026,Reply,2026-09-22T18:09:57+00:00,32,0,0,0,0,2102457518387785864,Miki__Yoshi
2102460448293687701,Reply,2026-09-22T18:10:07+00:00,564,0,1,0,0,2102451493261754592,naman10parikh
2102460585896210630,Reply,2026-09-22T18:10:40+00:00,7,0,0,0,0,2102140879557554634,craigweiss
2102460650190782635,Reply,2026-09-22T18:10:55+00:00,476,2,0,0,0,2102447341542298010,scottstts
2102461121450094629,Original,2026-09-22T18:12:47+00:00,144,0,0,0,0,,
2102461807902564590,Reply,2026-09-22T18:15:31+00:00,108,0,0,0,0,2102461453534212429,RogueKnight_dev
2102462339312456080,Reply,2026-09-22T18:17:38+00:00,15,0,0,0,0,2102424404584214870,alexandr_wang
2102462396615074085,Reply,2026-09-22T18:17:51+00:00,600,0,0,0,0,2102446016016580766,amritwt
2102462449660342570,Reply,2026-09-22T18:18:04+00:00,40,1,1,0,0,2102447172105187745,aapakari
2102468961925484917,Quote,2026-09-22T18:43:57+00:00,203,1,0,0,0,,
2102469017319723292,Reply,2026-09-22T18:44:10+00:00,11,0,1,0,0,2102454779226259773,JoyBoy_hl
2102469128842076272,Reply,2026-09-22T18:44:36+00:00,5,0,0,0,0,2102461145303208326,pruthvithinks
2102469218080006349,Reply,2026-09-22T18:44:58+00:00,13,0,0,0,0,2102436416437580159,addyosmani
2102469316591734843,Reply,2026-09-22T18:45:21+00:00,16,0,0,0,0,2102465196514300061,theo
2102469582787416405,Reply,2026-09-22T18:46:25+00:00,5708,0,1,0,0,2102456113388212432,dhruvtwt_
2102469817689358417,Repost,2026-09-22T18:47:21+00:00,,0,0,290,0,,
2102470825593159706,Reply,2026-09-22T18:51:21+00:00,92,0,0,0,0,2102470526275129511,dhruvtwt_
2102472060744470570,Reply,2026-09-22T18:56:15+00:00,14,0,0,0,0,2102307410731839793,theofinr
2102473211166457962,Reply,2026-09-22T19:00:50+00:00,423,0,0,0,0,2102470526275129511,dhruvtwt_
2102504215260356872,Reply,2026-09-22T21:04:02+00:00,139,0,0,0,0,2102500582997324279,peterWscream
2102504347284488592,Reply,2026-09-22T21:04:33+00:00,9,0,0,0,0,2102261611742302348,danellisona
2102504410593292288,Reply,2026-09-22T21:04:48+00:00,84,0,0,0,0,2102317502806348014,SakshiSugandhi
2102504543636672740,Repost,2026-09-22T21:05:20+00:00,,0,0,18297,0,,
2102504647487623221,Reply,2026-09-22T21:05:45+00:00,23,0,0,0,0,2102489320766800002,amasad
2102504727087079894,Reply,2026-09-22T21:06:04+00:00,11083,1,1,0,0,2102286774135656722,neppy
2102662790842556867,Reply,2026-09-23T07:34:09+00:00,5,0,0,0,0,2102590017424314433,JoyBoy_hl
2102679592481980619,Reply,2026-09-23T08:40:55+00:00,14,0,0,0,0,2102661745047162943,TTrimoreau
2102679674090614838,Reply,2026-09-23T08:41:14+00:00,15,0,0,0,0,2102635320777097332,TTrimoreau
2102679738213114253,Reply,2026-09-23T08:41:30+00:00,126,0,0,0,0,2102536922451103931,kamilbaranek_
2102679780693049560,Reply,2026-09-23T08:41:40+00:00,13,0,0,0,0,2102654334832189623,hellboy4uqc
2102679899387645976,Reply,2026-09-23T08:42:08+00:00,9,0,0,0,0,2102101425719238862,ohthatsnev
2102679949849264589,Reply,2026-09-23T08:42:20+00:00,13,0,1,0,0,2102447802072895544,userrinthia
2102680083278581836,Original,2026-09-23T08:42:52+00:00,124,2,0,0,0,,
2102680133207519578,Reply,2026-09-23T08:43:04+00:00,10,0,0,0,0,2102568796137603275,nikitabier
2102680167634346364,Reply,2026-09-23T08:43:12+00:00,8,0,0,0,0,2102663271035637763,launch_llama
2102680213452919290,Reply,2026-09-23T08:43:23+00:00,63,0,0,0,0,2102341765743391181,araseb_
2102680249859473886,Reply,2026-09-23T08:43:32+00:00,13,0,0,0,0,2102603695150293216,RyanRRs
2102680331908497810,Reply,2026-09-23T08:43:51+00:00,7,0,0,0,0,2102499557854880133,madonna_matt
2102680360203256119,Reply,2026-09-23T08:43:58+00:00,7,0,1,0,0,2102617671992844483,DavidKPaul
2102680397486473250,Reply,2026-09-23T08:44:07+00:00,4,0,0,0,0,2102675669188853886,ischanan
2102680449877451263,Reply,2026-09-23T08:44:19+00:00,37,0,0,0,0,2102575829888717273,AdoredTV
2102680533574771026,Reply,2026-09-23T08:44:39+00:00,7,0,0,0,0,2102349169696346550,bradshannon
2102680617930625098,Reply,2026-09-23T08:44:59+00:00,46,0,0,0,0,2102537713672921554,Rasmic
2102680667142410376,Reply,2026-09-23T08:45:11+00:00,29,0,1,0,0,2102519306839814408,danellisona
2102680727255179450,Reply,2026-09-23T08:45:25+00:00,66,0,0,0,0,2102656304791650760,maria_rcks
2102680786503860551,Reply,2026-09-23T08:45:40+00:00,11,0,0,0,0,2102481806134050920,gregisenberg
2102680862886437022,Reply,2026-09-23T08:45:58+00:00,93,1,0,0,0,2102451326370320610,moiiikaaa
2102680916955189253,Reply,2026-09-23T08:46:11+00:00,238,1,0,0,0,2102574590077939856,distributedkv
2102681028527854037,Reply,2026-09-23T08:46:37+00:00,75,0,0,0,0,2102659751498875268,yongfook
2102681178335739960,Quote,2026-09-23T08:47:13+00:00,191,1,0,0,0,,
2102681243896967321,Reply,2026-09-23T08:47:29+00:00,341,1,1,0,0,2102210098756198615,ayushunleashed
2102681312058646765,Reply,2026-09-23T08:47:45+00:00,119,2,0,0,0,2102410173713400011,ayushunleashed
2102681358011429020,Reply,2026-09-23T08:47:56+00:00,21,0,0,0,0,2102357603925762062,CubaseEnjoyer
2102681403167285481,Reply,2026-09-23T08:48:07+00:00,14,0,0,0,0,2102484176771719553,jigyasacreates
2102681609795497986,Reply,2026-09-23T08:48:56+00:00,37,1,1,0,0,2102657718343684202,kamilbaranek_
2102681683627765814,Reply,2026-09-23T08:49:13+00:00,8,0,0,0,0,2102057765133041736,TTrimoreau
2102681730687885709,Reply,2026-09-23T08:49:25+00:00,7,0,0,0,0,2102058569893830989,TTrimoreau
2102681891673682156,Original,2026-09-23T08:50:03+00:00,157,2,0,0,0,,
2102681923089023105,Reply,2026-09-23T08:50:11+00:00,7,0,0,0,0,2102138295732101401,TTrimoreau
2102681949026595110,Reply,2026-09-23T08:50:17+00:00,7,0,0,0,0,2102111430379987187,TTrimoreau
2102681990478823737,Quote,2026-09-23T08:50:27+00:00,220,2,0,0,0,,
2102682066983039192,Reply,2026-09-23T08:50:45+00:00,176,3,0,0,0,2102511821529690604,skitzocat
2102691249954468108,Reply,2026-09-23T09:27:14+00:00,36,1,2,0,0,2102681015789494390,maiiunreveled
2102691327221911756,Reply,2026-09-23T09:27:33+00:00,47,1,1,0,0,2102670804685091050,danellisona
2102691474022551690,Reply,2026-09-23T09:28:08+00:00,6,0,0,0,0,2102690850111103244,CiprianiRanieri
2102691527487311959,Reply,2026-09-23T09:28:20+00:00,5,0,0,0,0,2102383441656660136,rishilautomate
2102691581895868607,Reply,2026-09-23T09:28:33+00:00,5,0,0,0,0,2102358672072671597,mayuri_3015
2102691686002602310,Reply,2026-09-23T09:28:58+00:00,86,1,5,0,0,2102682688100413812,Sonderisfon
2102691760996855903,Reply,2026-09-23T09:29:16+00:00,13,0,0,0,0,2102436483156398175,DanielLockyer
2102691785797677448,Reply,2026-09-23T09:29:22+00:00,18,0,0,0,0,2102281669747085802,TedPillows
2102691835764486247,Reply,2026-09-23T09:29:34+00:00,26,0,0,0,0,2102546994497786251,tetsuoai
2102691987497603156,Reply,2026-09-23T09:30:10+00:00,176,0,2,0,0,2102636548718223860,code_bytein
2102692104271192314,Reply,2026-09-23T09:30:38+00:00,7,0,0,0,0,2102457855899255276,naveenmio
2102692386946367706,Reply,2026-09-23T09:31:45+00:00,31,0,0,0,0,2102667555487818070,Elchuzade
2102692455208600048,Reply,2026-09-23T09:32:02+00:00,8,0,0,0,0,2102692226362900694,maiiunreveled
2102692507834515895,Reply,2026-09-23T09:32:14+00:00,19,0,1,0,0,2102692226362900694,maiiunreveled
2102692903462322647,Reply,2026-09-23T09:33:48+00:00,15,0,2,0,0,2102692082993295424,TechGuykunle
2102693188851192054,Reply,2026-09-23T09:34:57+00:00,10,0,0,0,0,2102689315910492644,PadraigOraghail
2102693465482219814,Quote,2026-09-23T09:36:02+00:00,200,1,0,0,0,,
2102693600475873650,Reply,2026-09-23T09:36:35+00:00,14,1,2,0,0,2102693093887619169,maiiunreveled
2102693709951406332,Reply,2026-09-23T09:37:01+00:00,10,0,1,0,0,2102693126091776463,JakeRobinssup
2102694642236178510,Reply,2026-09-23T09:40:43+00:00,17,1,0,0,0,2102694469208252744,kamilbaranek_
2102694833488081238,Reply,2026-09-23T09:41:29+00:00,14,1,0,0,0,2102694631880487344,TechGuykunle
2102694984302616581,Reply,2026-09-23T09:42:05+00:00,17,1,0,0,0,2102378703586312671,miracache
2102695051457630616,Reply,2026-09-23T09:42:21+00:00,6,0,0,0,0,2102385986013421610,Ismail_VFED
2102695573497450769,Reply,2026-09-23T09:44:25+00:00,41,2,2,0,0,2102612417389756803,neo_subhamoy
2102695907884204420,Reply,2026-09-23T09:45:45+00:00,11,0,0,0,0,2102437950999167255,Gaus450
2102696843834732982,Reply,2026-09-23T09:49:28+00:00,9,0,0,0,0,2102696129724879143,maiiunreveled
2102697502931878156,Original,2026-09-23T09:52:05+00:00,3253,56,61,1,1,,
2102698009935159444,Reply,2026-09-23T09:54:06+00:00,32,2,1,1,0,2102430378573341005,Pksingh900
2102699627577577773,Reply,2026-09-23T10:00:32+00:00,16,1,0,0,0,2102422699054162295,thejohncinar
2102699988933640677,Reply,2026-09-23T10:01:58+00:00,499,7,1,0,0,2102694209027178930,rezoundous
2102700024182489512,Reply,2026-09-23T10:02:06+00:00,8,0,0,0,0,2102671987240013944,yusukelp
2102700720097288202,Reply,2026-09-23T10:04:52+00:00,19,0,0,0,0,2102531388951912907,matthias_mrc
2102701318569902453,Reply,2026-09-23T10:07:15+00:00,10,0,0,0,0,2102416288136196470,JavierForge
2102701496270000513,Quote,2026-09-23T10:07:57+00:00,217,4,0,0,0,,
2102701701052723672,Reply,2026-09-23T10:08:46+00:00,22,1,1,0,0,2102502612000227620,SamVale29
2102701963901362199,Original,2026-09-23T10:09:49+00:00,152,3,0,0,0,,
2102702486725480833,Reply,2026-09-23T10:11:53+00:00,15,0,0,0,0,2102620197563539514,BasantSoli33398
2102702528081395886,Reply,2026-09-23T10:12:03+00:00,13,0,0,0,0,2102639102520942869,danellisona
2102702600059859105,Reply,2026-09-23T10:12:20+00:00,17,1,1,0,0,2102631885969269009,theamitnikhade
2102702671690145857,Reply,2026-09-23T10:12:37+00:00,10,0,0,0,0,2102426473240068218,Goura_vk
2102702725654053108,Reply,2026-09-23T10:12:50+00:00,32,2,2,0,0,2102642254204867021,sandip_dev_07
2102702815051403727,Reply,2026-09-23T10:13:12+00:00,51,0,0,0,0,2102700984442946020,launch_llama
2102702892218261923,Reply,2026-09-23T10:13:30+00:00,17,0,0,0,0,2102669422368321943,ArdenBuilds
2102702990759207375,Reply,2026-09-23T10:13:53+00:00,11,0,0,0,0,2102687402360033619,delf002
2102703111085433159,Reply,2026-09-23T10:14:22+00:00,7,0,0,0,0,2102397755759133135,adhamuxi
2102703245286420958,Reply,2026-09-23T10:14:54+00:00,87,2,0,0,0,2102702567172272585,aapakari
2102703440866717757,Reply,2026-09-23T10:15:41+00:00,22,2,0,0,0,2102646130345668636,OmNawale45831
2102703485439676906,Reply,2026-09-23T10:15:51+00:00,58,0,1,0,0,2102703017174679666,kamilbaranek_
2102703515953156202,Reply,2026-09-23T10:15:59+00:00,15,0,0,0,0,2102691264680395258,TechGuykunle
2102703583598956567,Reply,2026-09-23T10:16:15+00:00,290,1,1,0,0,2102670326555607497,Mx0ybt
2102703641123811651,Reply,2026-09-23T10:16:29+00:00,169,3,0,0,0,2102684646207049754,danellisona
2102703695834353770,Reply,2026-09-23T10:16:42+00:00,9,0,0,0,0,2102408301384221147,Learnmore_smart
2102703785583984858,Reply,2026-09-23T10:17:03+00:00,33,1,0,0,0,2102687519179669912,nini_webdev
2102703861186384187,Reply,2026-09-23T10:17:21+00:00,27,0,0,0,0,2102703292883337636,Anshul2308z
2102705487624233461,Reply,2026-09-23T10:23:49+00:00,16,1,0,0,0,2102704229244616857,aapakari
2102706130615259577,Reply,2026-09-23T10:26:22+00:00,22,0,0,0,0,2102455888409711010,YashHustle_22
2102706402192220162,Original,2026-09-23T10:27:27+00:00,244,6,3,0,0,,
2102706879713640452,Reply,2026-09-23T10:29:21+00:00,173,4,0,0,0,2102676837428347107,nini_webdev
2102706904623690033,Reply,2026-09-23T10:29:27+00:00,3416,20,1,1,0,2102697592681632056,uffyebanda
2102707020772315245,Repost,2026-09-23T10:29:54+00:00,,0,0,173,0,,
2102707218483458370,Reply,2026-09-23T10:30:41+00:00,29,1,1,0,0,2102562936673943731,OmNawale45831
2102707290688336336,Reply,2026-09-23T10:30:59+00:00,65,0,0,0,0,2102503955410342386,danellisona
2102707351233159391,Reply,2026-09-23T10:31:13+00:00,14,1,0,0,0,2102704157039972820,yangyang_2048
2102707431784735056,Reply,2026-09-23T10:31:32+00:00,9,0,0,0,0,2102707358409613504,theamitnikhade
2102707539444216023,Reply,2026-09-23T10:31:58+00:00,15,0,0,0,0,2102634537239109855,zuess05
2102707618829787229,Reply,2026-09-23T10:32:17+00:00,12,0,0,0,0,2102699494177464640,kimindiehacker
2102707653923488073,Reply,2026-09-23T10:32:25+00:00,7,0,0,0,0,2102427711381877147,arexobcd
2102707818742812786,Reply,2026-09-23T10:33:05+00:00,29,1,1,0,0,2102707755387613352,OmNawale45831
2102707919066407106,Quote,2026-09-23T10:33:28+00:00,251,6,2,0,0,,
2102708212101451862,Reply,2026-09-23T10:34:38+00:00,23,1,1,0,0,2102708059286261896,OmNawale45831
2102708235740536984,Reply,2026-09-23T10:34:44+00:00,24,1,1,0,0,2102708182258979054,OmNawale45831
2102708354758090771,Quote,2026-09-23T10:35:12+00:00,219,4,0,0,0,,
2102708870993129621,Reply,2026-09-23T10:37:15+00:00,21,1,0,0,0,2102564861406232667,kimindiehacker
2102709423798096290,Quote,2026-09-23T10:39:27+00:00,216,2,0,0,0,,
2102709676232376394,Quote,2026-09-23T10:40:27+00:00,242,2,0,0,0,,
2102709970588598601,Reply,2026-09-23T10:41:38+00:00,48,2,0,0,0,2102709401165656254,theyouwell
2102710729443037531,Reply,2026-09-23T10:44:39+00:00,25,0,0,0,0,2102705924704219485,BabaDev_
2102710788364648855,Reply,2026-09-23T10:44:53+00:00,31,2,1,0,0,2102611440490398171,MaxParnian
2102710852591997122,Reply,2026-09-23T10:45:08+00:00,10,0,0,0,0,2102659208306933811,CiprianiRanieri
2102711080082694201,Reply,2026-09-23T10:46:02+00:00,45,0,0,0,0,2102658535100383300,Gaus450
2102711145480282540,Reply,2026-09-23T10:46:18+00:00,12,0,0,0,0,2102349496130941235,poonam_twtt
2102711180255224043,Reply,2026-09-23T10:46:26+00:00,16,0,0,0,0,2102369684041367718,fidexcode
2102711227638337578,Reply,2026-09-23T10:46:37+00:00,15,0,0,0,0,2102413434902171680,usamafolio
2102715157910900771,Original,2026-09-23T11:02:14+00:00,872,19,8,0,1,,
2102715268325945583,Reply,2026-09-23T11:02:41+00:00,195,4,1,0,0,2102715157910900771,robmailserver
2102715410915406007,Reply,2026-09-23T11:03:15+00:00,89,2,0,0,0,2102715332377104632,bidyut_io
2102717021217763528,Quote,2026-09-23T11:09:39+00:00,325,5,1,0,0,,
2102719848828854319,Reply,2026-09-23T11:20:53+00:00,13,0,0,0,0,2102387482830717054,SharavArora
2102723273809359159,Original,2026-09-23T11:34:29+00:00,247,5,1,0,0,,
2102723596879806949,Reply,2026-09-23T11:35:46+00:00,41,2,1,0,0,2102711770024759714,theyouwell
2102724142361702446,Reply,2026-09-23T11:37:56+00:00,68,1,1,0,0,2102723004157555111,monthlycap
2102724175190458668,Reply,2026-09-23T11:38:04+00:00,68,1,1,0,0,2102721383939870767,oimatrixioYT
2102724246514676078,Reply,2026-09-23T11:38:21+00:00,25,2,1,0,0,2102723955580928070,OmNawale45831
2102724849412210980,Reply,2026-09-23T11:40:45+00:00,165,0,0,0,0,2102723273809359159,robmailserver
2102724940147675238,Reply,2026-09-23T11:41:07+00:00,17,1,1,0,0,2102724873445667080,oimatrixioYT
2102725023744336341,Original,2026-09-23T11:41:27+00:00,231,7,1,0,0,,
2102725847241363801,Reply,2026-09-23T11:44:43+00:00,20,1,0,0,0,2102725127989240142,OmNawale45831
2102725864605766126,Reply,2026-09-23T11:44:47+00:00,20,1,0,0,0,2102725326375956759,theyouwell
2102725962819645701,Reply,2026-09-23T11:45:10+00:00,19,1,1,0,0,2102725723311968320,oimatrixioYT
2102727898650288485,Reply,2026-09-23T11:52:52+00:00,15,1,0,0,0,2102727779355926966,sandip_dev_07
2102729192731529378,Reply,2026-09-23T11:58:01+00:00,20,1,1,0,0,2102729039873982722,monthlycap
2102734333517943005,Original,2026-09-23T12:18:26+00:00,764,8,1,0,1,,
2102737311322783965,Reply,2026-09-23T12:30:16+00:00,47,0,1,0,0,2102724411375923653,matt__makes
2102737344201896199,Reply,2026-09-23T12:30:24+00:00,95,0,0,0,0,2102737122755231949,AmolWalunjsv18
2102737388477026746,Reply,2026-09-23T12:30:35+00:00,51,0,0,0,0,2102726355440066570,skpnky
2102737425072300373,Reply,2026-09-23T12:30:43+00:00,64,0,0,0,0,2102734977066504375,brookservers
2102763485516140993,Quote,2026-09-23T14:14:17+00:00,544,11,5,0,0,,
2102763526515474783,Reply,2026-09-23T14:14:26+00:00,25,1,0,0,0,2102742352523858277,miracache
2102763753595126219,Quote,2026-09-23T14:15:20+00:00,339,8,4,0,0,,
2102763826882179258,Reply,2026-09-23T14:15:38+00:00,22,0,0,0,0,2102452965340549179,skpnky
2102763877524267407,Reply,2026-09-23T14:15:50+00:00,28,1,1,0,0,2102762864855638392,bidyut_io
2102763925402243433,Reply,2026-09-23T14:16:01+00:00,51,0,0,0,0,2102740405871874411,danellisona
2102763990485233762,Reply,2026-09-23T14:16:17+00:00,17,1,1,0,0,2102708925225189819,shakhzod1001
2102768159346536953,Reply,2026-09-23T14:32:51+00:00,49,1,1,0,0,2102748828231504299,Attwts
2102768252971827385,Reply,2026-09-23T14:33:13+00:00,34,0,0,0,0,2102756622045008082,T1redDeveloper
2102768720036917664,Reply,2026-09-23T14:35:05+00:00,31,1,1,0,0,2102739719130112000,Devvora15
2102768807290999013,Reply,2026-09-23T14:35:25+00:00,37,2,1,0,0,2102441113345028291,wenvotop
2102768873527558371,Reply,2026-09-23T14:35:41+00:00,13,1,0,0,0,2102404213724664136,itshrayr
2102768921300676993,Reply,2026-09-23T14:35:53+00:00,22,1,1,0,0,2102724911558979683,kimindiehacker
2102769020714029078,Reply,2026-09-23T14:36:16+00:00,29,1,0,0,0,2102746925615178221,brookservers
2102769116826505709,Reply,2026-09-23T14:36:39+00:00,39,1,1,0,0,2102729639487811682,yagcidev
2102769166961021330,Reply,2026-09-23T14:36:51+00:00,30,0,0,0,0,2102768500431368502,Sonderisfon
2102769619899683087,Reply,2026-09-23T14:38:39+00:00,37,0,1,0,0,2102715374802190532,skpnky
2102770475948773737,Quote,2026-09-23T14:42:03+00:00,1112,13,8,0,1,,
2102770602427949230,Reply,2026-09-23T14:42:33+00:00,219,3,0,0,0,2102770475948773737,robmailserver
2102770845378920867,Reply,2026-09-23T14:43:31+00:00,33,1,1,0,0,2102758060817326294,SamVale29
2102771210551710053,Original,2026-09-23T14:44:58+00:00,225,2,2,0,0,,
2102771431784501344,Reply,2026-09-23T14:45:51+00:00,20,0,0,0,0,2102654202153701631,modibhumikaa04
2102772804425007565,Reply,2026-09-23T14:51:18+00:00,50,0,0,0,0,2102771696528695620,sbhzi
2102772861031289115,Reply,2026-09-23T14:51:32+00:00,61,1,1,0,0,2102771091739496543,BuildByAman
2102772944212815958,Reply,2026-09-23T14:51:52+00:00,45,1,1,0,0,2102772717531664536,OmNawale45831
2102773135217160579,Quote,2026-09-23T14:52:37+00:00,367,7,2,0,0,,
2102773171791462573,Reply,2026-09-23T14:52:46+00:00,51,1,0,0,0,2102772938198155279,oimatrixioYT
2102773242285244606,Reply,2026-09-23T14:53:03+00:00,29,1,1,1,0,2102705283269329186,Pksingh900
2102773277454369013,Reply,2026-09-23T14:53:11+00:00,24,1,0,0,0,2102422239031578851,Devvora15
2102773422208209106,Reply,2026-09-23T14:53:46+00:00,33,1,1,0,0,2102773205815689708,OmNawale45831
2102773530639409425,Reply,2026-09-23T14:54:12+00:00,20,0,0,0,0,2102718234902601925,Officially_Dev_
2102775113561337910,Reply,2026-09-23T15:00:29+00:00,21,0,0,0,0,2102774411690721592,kimindiehacker
2102775180091396531,Reply,2026-09-23T15:00:45+00:00,42,1,0,0,0,2102772053376106908,idyeahstudio
2102775672821428680,Reply,2026-09-23T15:02:42+00:00,34,1,1,0,0,2102646650464604494,PeteKr22
2102776022660006269,Original,2026-09-23T15:04:06+00:00,285,4,0,0,0,,
2102776957343879355,Original,2026-09-23T15:07:48+00:00,372,8,4,0,0,,
2102777136700621252,Reply,2026-09-23T15:08:31+00:00,27,0,0,0,0,2102755256631173503,jun002c
2102777387918463349,Reply,2026-09-23T15:09:31+00:00,30,0,0,0,0,2102775845425500162,PeteKr22
2102778962988720136,Reply,2026-09-23T15:15:47+00:00,30,1,1,0,0,2102778769463480494,Pksingh900
2102779130437943668,Original,2026-09-23T15:16:27+00:00,1766,32,17,2,3,,
2102779207747297679,Reply,2026-09-23T15:16:45+00:00,42,1,1,0,0,2102775374249881939,RyanRayMartin
2102779312395211161,Reply,2026-09-23T15:17:10+00:00,49,2,0,1,0,2102779160284516669,Pksingh900
2102780260899324236,Reply,2026-09-23T15:20:56+00:00,32,0,0,0,0,2102777370977403171,
2102780322287157715,Reply,2026-09-23T15:21:11+00:00,35,1,1,0,0,2102723296022442359,bidyut_io
2102780903709880394,Reply,2026-09-23T15:23:29+00:00,48,1,1,0,0,2102775497692439029,PeteKr22
2102781331533132138,Quote,2026-09-23T15:25:11+00:00,450,6,3,0,0,,
2102781561527808419,Quote,2026-09-23T15:26:06+00:00,424,7,0,0,0,,
2102781804117889154,Reply,2026-09-23T15:27:04+00:00,40,0,0,0,0,2102497820901318870,Sonderisfon
2102781850938994997,Reply,2026-09-23T15:27:15+00:00,33,1,1,0,0,2102670224675778803,nicobuildss
2102783199525142940,Reply,2026-09-23T15:32:37+00:00,48,1,1,0,0,2102671736277737771,JayeshPadhiar
2102783586147729413,Reply,2026-09-23T15:34:09+00:00,36,0,0,0,0,2102783340327686407,skpnky
2102784430092038299,Reply,2026-09-23T15:37:30+00:00,35,0,1,0,0,2102783793115595196,bidyut_io
2102785889160306915,Reply,2026-09-23T15:43:18+00:00,60,1,1,0,0,2102785247549009981,Edgar_Silva0
2102785991954374757,Reply,2026-09-23T15:43:43+00:00,50,1,1,0,0,2102785644103647580,PeteKr22
2102786033708622256,Reply,2026-09-23T15:43:52+00:00,75,0,0,0,0,2102785221292908824,bidyut_io
2102786104915284308,Reply,2026-09-23T15:44:09+00:00,42,0,0,0,0,2102785031835898218,acecreamu
2102786207394742348,Reply,2026-09-23T15:44:34+00:00,36,1,1,0,0,2102785983158845645,RyanRayMartin
2102786913556115607,Reply,2026-09-23T15:47:22+00:00,46,1,0,0,0,2102786516053574125,PeteKr22
2102786971504705755,Reply,2026-09-23T15:47:36+00:00,59,1,1,0,0,2102786771293811075,PeteKr22
2102787163712811123,Reply,2026-09-23T15:48:22+00:00,63,1,0,0,0,2102784725152940251,anaygond26
2102788720168784193,Reply,2026-09-23T15:54:33+00:00,87,0,0,0,0,2102788349199065565,techbyhez
2102788790523924517,Reply,2026-09-23T15:54:50+00:00,57,0,1,0,0,2102787812793950653,PeteKr22
2102788870521995406,Reply,2026-09-23T15:55:09+00:00,57,0,0,0,0,2102775296550424644,itsvlady
2102789287238627409,Reply,2026-09-23T15:56:48+00:00,45,1,1,0,0,2102508846765998484,idyeahstudio
2102789479346135460,Reply,2026-09-23T15:57:34+00:00,48,1,1,0,0,2102680361419644983,matt__makes
2102789554407440877,Reply,2026-09-23T15:57:52+00:00,41,1,0,0,0,2102467390193758292,hametgholizadeh
2102789692613931245,Reply,2026-09-23T15:58:25+00:00,57,1,1,0,0,2102608861144522861,i_am_chayyy
2102789968099950783,Reply,2026-09-23T15:59:31+00:00,48,1,0,0,0,2102789800977903841,wenvotop
2102790178704388226,Reply,2026-09-23T16:00:21+00:00,51,1,1,0,0,2102790046021517508,yagcidev
2102792443876045087,Reply,2026-09-23T16:09:21+00:00,61,1,0,0,0,2102791187480645926,PeteKr22
2102793391356662200,Reply,2026-09-23T16:13:07+00:00,47,1,1,0,0,2102793017761350060,nicobuildss
2102796014881243281,Quote,2026-09-23T16:23:32+00:00,390,4,2,0,0,,
2102796195911659633,Reply,2026-09-23T16:24:15+00:00,42,0,0,0,0,2102404251918217224,divvsaxena
2102796860142522771,Quote,2026-09-23T16:26:54+00:00,568,6,2,0,0,,
2102799639154151552,Reply,2026-09-23T16:37:56+00:00,66,0,0,0,0,2102797723913322926,Tech_amsterdam
2102799690865721355,Reply,2026-09-23T16:38:09+00:00,96,0,0,0,0,2102798801865936903,ReadAIRU
2102807333776830598,Reply,2026-09-23T17:08:31+00:00,49,0,0,0,0,2102803931760066722,JayeshPadhiar
2102807489876304244,Reply,2026-09-23T17:09:08+00:00,89,1,1,0,0,2102806867034374619,softdeveloper23
2102809846357832069,Reply,2026-09-23T17:18:30+00:00,59,0,0,0,0,2102809030112493597,CheesyPoofs999
2102809932886311199,Reply,2026-09-23T17:18:50+00:00,67,1,0,0,0,2102808356847235478,CheesyPoofs999
2102810836712767902,Reply,2026-09-23T17:22:26+00:00,62,1,1,0,0,2102810555341819921,kamilbaranek_
2102810904027095197,Reply,2026-09-23T17:22:42+00:00,81,1,1,0,0,2102788838229721200,fawadhsdev
2102811145770037755,Reply,2026-09-23T17:23:40+00:00,93,2,1,0,0,2102802569542402135,yesheratesdogs
2102811190938472647,Reply,2026-09-23T17:23:50+00:00,74,0,0,0,0,2102468112457388252,hametgholizadeh
2102813306058907869,Original,2026-09-23T17:32:15+00:00,522,10,4,0,0,,
2102814104427876597,Reply,2026-09-23T17:35:25+00:00,61,0,0,0,0,1996595319879123362,yesheratesdogs
2102816333486555602,Original,2026-09-23T17:44:16+00:00,386,9,2,0,0,,
2102823792515174836,Reply,2026-09-23T18:13:55+00:00,76,0,2,0,0,2102821999496024500,FATLEOPARDx
2102825528160063514,Reply,2026-09-23T18:20:49+00:00,51,1,0,1,0,2102825051011563724,FATLEOPARDx
2102825822390456417,Quote,2026-09-23T18:21:59+00:00,722,16,7,0,0,,
2102825930867786204,Reply,2026-09-23T18:22:25+00:00,52,0,0,0,0,2102813194196758746,trq212
2102829962340585532,Reply,2026-09-23T18:38:26+00:00,86,1,0,0,0,2102828945477681158,Edgar_Silva0
2102830008666669300,Quote,2026-09-23T18:38:37+00:00,627,9,3,0,0,,
2102831870304285018,Reply,2026-09-23T18:46:01+00:00,78,1,1,0,0,2102830404252369086,ideasbymanish
2102831982271172797,Reply,2026-09-23T18:46:27+00:00,70,0,0,0,0,2102829873706459402,The_All_Guy
2102860008975487298,Reply,2026-09-23T20:37:50+00:00,71,0,1,0,0,2102859618128998859,staaakh
2102860094488928595,Reply,2026-09-23T20:38:10+00:00,77,1,1,0,0,2102850182199333055,miguels_io
2103031546852876435,Reply,2026-09-24T07:59:27+00:00,43,0,0,0,0,2103013526931415367,ExactlyJosh
2103031592373588428,Reply,2026-09-24T07:59:38+00:00,47,0,0,0,0,2103008504977957281,BabaDev_
2103031668525482423,Reply,2026-09-24T07:59:56+00:00,48,1,1,0,0,2103007626326139246,Attwts
2103031704709660979,Reply,2026-09-24T08:00:05+00:00,44,0,0,0,0,2103003716416848047,Shehroz17oc
2103031789526925637,Reply,2026-09-24T08:00:25+00:00,52,0,1,0,0,2103000719599026501,JayAlexConsult
2103031827783098495,Reply,2026-09-24T08:00:34+00:00,56,1,0,0,0,2102977322320314801,i_am_chayyy
2103031990798987716,Reply,2026-09-24T08:01:13+00:00,62,1,0,0,0,2102982226157916590,crumbzdev
2103032056783732883,Reply,2026-09-24T08:01:29+00:00,71,1,0,0,0,2102877829935603740,yassinemarkets
2103032094423478631,Reply,2026-09-24T08:01:38+00:00,75,0,0,0,0,2102981237707354519,bidyut_io
2103032161670742029,Reply,2026-09-24T08:01:54+00:00,85,1,0,0,0,2102969712611340754,mrgadgetstudio
